date,long_en,rank,tag_en,headline_en,outlet,domain,url,bluf_en,tag_fr,headline_fr,bluf_fr
2026-07-14,"Tuesday, 14 July 2026",1,HORMUZ,"Iran strikes two UAE tankers in the Strait of Hormuz, killing a crew member",The Hill,thehill.com,https://thehill.com/policy/international/5966855-uae-tankers-targeted-iranian-forces/,"Iran has crossed from threatening shipping to killing Gulf-flagged crews. Striking UAE vessels attacks a state that has stayed out of the fight, widening the war's participant set and pulling Abu Dhabi toward retaliation or dependence on US escort. Every hull in the Gulf now reprices insurance, and every Gulf capital reprices its neutrality.",HORMUZ,"L'Iran frappe deux pétroliers émiratis dans le détroit d'Ormuz, tuant un membre d'équipage","L'Iran est passé de la menace contre la navigation au meurtre d'équipages battant pavillon du Golfe. Frapper des navires émiratis attaque un État resté hors du conflit, élargit le cercle des belligérants et pousse Abou Dhabi vers la représaille ou la dépendance à l'escorte américaine. Chaque coque du Golfe revalorise son assurance ; chaque capitale du Golfe revalorise sa neutralité."
2026-07-14,"Tuesday, 14 July 2026",2,ENERGY,Brent surges above $86 after Iran strikes two UAE tankers in Hormuz,OilPrice,oilprice.com,https://oilprice.com/Energy/Oil-Prices/Brent-Surges-Above-86-After-Iran-Strikes-Two-UAE-Tankers-in-Hormuz.html,"The market is no longer pricing a scare — it is pricing a closure. Above $86 Brent, the pass-through hits fuel, freight and food within two quarters, and importing economies lose the disinflation they had banked on. Treat $86 as a floor, not a spike, while Iranian anti-shipping capability remains intact.",ÉNERGIE,Le Brent bondit au-dessus de 86 $ après les frappes iraniennes sur deux pétroliers émiratis à Ormuz,"Le marché ne valorise plus une frayeur, mais une fermeture. Au-dessus de 86 $, la répercussion touche carburants, fret et alimentation en deux trimestres, et les économies importatrices perdent la désinflation escomptée. Considérer 86 $ comme un plancher, non un pic, tant que la capacité antinavire iranienne reste intacte."
2026-07-14,"Tuesday, 14 July 2026",3,GEOPOLITICS,"Trump declares the US 'Guardian of the Strait of Hormuz,' proposes $30m cargo fee",Livemint,livemint.com,https://www.livemint.com/news/us-news/trump-announces-us-as-guardian-of-the-hormuz-strait-proposes-30-mn-cargo-fee-heres-how-it-compares-with-tehrans-11784015936652.html,"Washington is monetising a chokepoint it has policed for free since 1980. A US toll competes directly with Tehran's own levy, converting a security guarantee into a transactional service and inviting every other strait-owner to do the same. Asian importers, who transit most of the cargo, absorb the cost and will hedge toward non-US escort arrangements.",GÉOPOLITIQUE,Trump se déclare « gardien du détroit d'Ormuz » et propose un péage de 30 M$ par cargaison,"Washington monétise un point de passage qu'il surveillait gratuitement depuis 1980. Un péage américain concurrence directement celui de Téhéran, transforme une garantie de sécurité en service marchand et invite tous les autres détenteurs de détroits à l'imiter. Les importateurs asiatiques, qui font transiter l'essentiel du fret, en absorbent le coût et chercheront des escortes non américaines."
2026-07-14,"Tuesday, 14 July 2026",4,DEFENCE,Trump reimposes naval blockade on Iran; Esper calls it 'the right move',The Hill,thehill.com,https://thehill.com/policy/defense/5966832-esper-supports-trump-blockade/,"A blockade is an act of war under customary international law, and bipartisan cover from a former SecDef removes the domestic brake on escalation. It commits US surface assets to a static mission inside range of Iranian ASBMs and drones — the exact target set Tehran has optimised for. Expect a maritime incident to be the trigger for the next phase.",DÉFENSE,Trump rétablit le blocus naval contre l'Iran ; Esper juge la décision « juste »,"Un blocus constitue un acte de guerre en droit international coutumier, et l'appui bipartisan d'un ancien secrétaire à la Défense lève le frein intérieur à l'escalade. Il fige des bâtiments de surface américains dans la portée des missiles balistiques antinavires et des drones iraniens — précisément la cible pour laquelle Téhéran s'est optimisé. Un incident maritime déclenchera vraisemblablement la phase suivante."
2026-07-14,"Tuesday, 14 July 2026",5,SHIPPING,"Box ship attacked, Hormuz shut again, Middle East freight rates pass pandemic peak",The Loadstar,theloadstar.com,https://theloadstar.com/box-ship-attacked-hormuz-shut-again-middle-east-rates-sail-past-pandemic-peak/,"Container rates above 2021 levels mean the shock has escaped the energy complex and entered the goods economy. Manufacturers relying on Gulf transit face committed-cargo losses and 6–8 week rerouting penalties, and the inflation print follows on a lag. Anyone with Q4 delivery commitments through the Gulf should be renegotiating now.",TRANSPORT MARITIME,"Porte-conteneurs attaqué, Ormuz de nouveau fermé, les taux de fret au Moyen-Orient dépassent le pic pandémique",Des taux conteneurs supérieurs à 2021 signifient que le choc a quitté le complexe énergétique pour entrer dans l'économie des biens. Les industriels dépendant du transit par le Golfe subissent des pertes sur cargaisons engagées et des détours de six à huit semaines ; l'inflation suivra avec retard. Toute livraison du T4 via le Golfe doit être renégociée dès maintenant.
2026-07-14,"Tuesday, 14 July 2026",6,CHINA,China's crude imports crash to a decade low as the Hormuz crisis bites,OilPrice,oilprice.com,https://oilprice.com/Latest-Energy-News/World-News/Chinas-Crude-Oil-Imports-Crash-to-Decade-Low-as-Hormuz-Crisis-Bites.html,"China is the largest buyer of Gulf crude and its import collapse is the clearest evidence the blockade is biting physical flows, not just sentiment. Sustained shortfalls force Beijing to draw strategic reserves, buy discounted Russian and Iranian barrels, or apply real diplomatic pressure on Tehran. Which of the three it picks tells you whether China becomes a de-escalating force or a sanctions-busting one.",CHINE,Les importations chinoises de brut s'effondrent à un creux décennal sous l'effet de la crise d'Ormuz,"La Chine est le premier acheteur de brut du Golfe : l'effondrement de ses importations prouve que le blocus atteint les flux physiques, pas seulement le sentiment. Un déficit durable obligera Pékin à puiser dans ses réserves stratégiques, à acheter du brut russe et iranien décoté, ou à exercer une véritable pression sur Téhéran. Le choix retenu dira si la Chine devient une force de désescalade ou de contournement des sanctions."
2026-07-14,"Tuesday, 14 July 2026",7,MACRO,Traders boost Bank of England and ECB rate-hike bets after the oil surge,Financial Post,financialpost.com,https://financialpost.com/pmn/business-pmn/traders-boost-boe-and-ecb-rate-hike-bets-after-oil-price-surge,"The easing cycle Europe was counting on is being repriced into hikes by an external supply shock central banks cannot control. Higher-for-longer rates land on the same balance sheets already carrying energy costs, and refinancing assumptions made in 2025 are now wrong. Rate-sensitive sectors — housing, leveraged mid-caps, sovereign issuers — should be stress-tested against a hiking path, not a cutting one.",MACRO,Les marchés relèvent leurs paris de hausse de taux pour la BoE et la BCE après la flambée pétrolière,"Le cycle d'assouplissement attendu en Europe se retourne en hausses sous l'effet d'un choc d'offre externe que les banques centrales ne maîtrisent pas. Des taux durablement élevés frappent des bilans déjà alourdis par l'énergie, et les hypothèses de refinancement de 2025 sont caduques. Immobilier, moyennes capitalisations endettées et émetteurs souverains doivent être testés contre une trajectoire de hausse, non de baisse."
2026-07-14,"Tuesday, 14 July 2026",8,ENERGY,Iran slips 12 million barrels past the renewed US oil blockade,OilPrice,oilprice.com,https://oilprice.com/Latest-Energy-News/World-News/Iran-Sneaks-12-Million-Barrels-Past-Renewed-US-Oil-Blockade.html,"The blockade is leaking at scale, which undercuts the coercive logic behind it while keeping all of its escalation risk. Tehran retains export revenue and the political argument that US pressure fails, so it has no incentive to concede at the table. Enforcement will tighten toward interdiction of the dark fleet — the most likely path to a direct naval clash.",ÉNERGIE,L'Iran fait passer 12 millions de barils malgré le nouveau blocus pétrolier américain,"Le blocus fuit à grande échelle, ce qui ruine sa logique coercitive tout en conservant son risque d'escalade. Téhéran garde ses revenus d'exportation et l'argument politique de l'échec de la pression américaine : aucune incitation à céder. Le durcissement passera par l'arraisonnement de la flotte fantôme — la voie la plus probable vers un affrontement naval direct."
2026-07-14,"Tuesday, 14 July 2026",9,DEFENCE,CENTCOM: US uses sea drones in combat for the first time in Iran strikes,Breaking Defense,breakingdefense.com,https://breakingdefense.com/2026/07/in-first-us-uses-sea-drones-in-combat-in-iran-strikes-centcom/,"A doctrinal threshold has been crossed: the US can now project lethal maritime effect without risking crews, lowering the political cost of each strike. That makes escalation cheaper for Washington and hands every adversary and non-state actor a validated template. Naval procurement, port security and maritime insurance all reprice off this precedent.",DÉFENSE,CENTCOM : les États-Unis emploient pour la première fois des drones marins au combat contre l'Iran,"Un seuil doctrinal est franchi : les États-Unis peuvent désormais frapper en mer sans exposer d'équipages, abaissant le coût politique de chaque frappe. L'escalade devient moins chère pour Washington et fournit à tout adversaire — étatique ou non — un modèle validé. Achats navals, sûreté portuaire et assurance maritime se revalorisent sur ce précédent."
2026-07-14,"Tuesday, 14 July 2026",10,MARKETS,"Big-bank earnings land today: JPMorgan, BofA, Goldman, Citi, Wells Fargo",CNBC,cnbc.com,https://www.cnbc.com/2026/07/14/jpm-bank-of-america-citi-bank-earnings-live-updates.html,"These are the first major balance sheets to report inside the oil shock, and their loan-loss provisions are the market's earliest read on whether the crisis is being priced as transitory or structural. Watch commentary on energy exposure, trade finance and net interest margin under a repriced rate path. Guidance here sets the risk tone for the rest of the quarter.",MARCHÉS,"Résultats des grandes banques aujourd'hui : JPMorgan, BofA, Goldman, Citi, Wells Fargo","Ce sont les premiers grands bilans publiés dans le choc pétrolier : leurs provisions pour pertes offrent la première lecture de marché sur le caractère transitoire ou structurel de la crise. Surveiller les commentaires sur l'exposition énergétique, le financement du commerce et la marge nette d'intérêt sous une trajectoire de taux revalorisée. Ces prévisions fixeront le ton du risque pour le trimestre."
2026-07-14,"Tuesday, 14 July 2026",11,DIPLOMACY,US strikes Iran for a third day; Lebanon and Israel hold talks in Rome,The Hindu,thehindu.com,https://www.thehindu.com/news/international/us-strikes-iran-for-third-day-will-reimpose-blockade/article71220175.ece,"Three consecutive days of strikes is a campaign, not a signal, and it forecloses the off-ramp the ceasefire was meant to provide. The parallel Rome track shows a second, quieter effort to fence off the Lebanese front before it merges with the Iranian one. Whether those talks hold determines if this stays a two-party war or becomes a regional one.",DIPLOMATIE,Les États-Unis frappent l'Iran pour un troisième jour ; Liban et Israël négocient à Rome,"Trois jours consécutifs de frappes constituent une campagne, non un signal, et ferment la porte de sortie qu'offrait le cessez-le-feu. La filière romaine parallèle révèle un effort plus discret pour cloisonner le front libanais avant qu'il ne fusionne avec le front iranien. L'issue de ces pourparlers dira si la guerre reste bilatérale ou devient régionale."
2026-07-14,"Tuesday, 14 July 2026",12,INTELLIGENCE,Outgunned but not outplayed: Iran's theory of victory,War on the Rocks,warontherocks.com,https://warontherocks.com/outgunned-but-not-outplayed-irans-theory-of-victory/,Iran is not trying to win the exchange of fire; it is trying to make the cost of the blockade unbearable for everyone else. Reading Tehran through a conventional balance-of-forces lens will keep producing surprises like the tanker strikes. Planning assumptions should shift from 'when does Iran capitulate' to 'how long can the Gulf economy absorb this'.,RENSEIGNEMENT,Surclassé mais pas déjoué : la théorie de la victoire iranienne,"L'Iran ne cherche pas à gagner l'échange de tirs, mais à rendre le coût du blocus insoutenable pour tous les autres. Lire Téhéran à travers un rapport de forces conventionnel continuera de produire des surprises comme les frappes sur les pétroliers. L'hypothèse de planification doit passer de « quand l'Iran capitulera-t-il » à « combien de temps l'économie du Golfe peut-elle encaisser »."
2026-07-14,"Tuesday, 14 July 2026",13,RUSSIA,"Ukrainian drones ignite two Russian refineries overnight, including a top petrochemical plant",Meduza,meduza.io,https://meduza.io/en/news/2026/07/14/ukrainian-drones-spark-fires-at-two-russian-refineries-overnight-including-one-of-the-country-s-biggest-petrochem,"Ukraine is removing Russian refining capacity at the exact moment Hormuz is removing Gulf supply — two independent shocks compounding into one global price. Kyiv's deep-strike campaign is now a material variable in Western inflation, not just a battlefield story. Every successful refinery hit tightens the same fuel market that is driving ECB and BoE hike bets.",RUSSIE,"Des drones ukrainiens incendient deux raffineries russes, dont l'un des plus grands sites pétrochimiques","L'Ukraine détruit des capacités de raffinage russes au moment même où Ormuz retire l'offre du Golfe — deux chocs indépendants se composant en un seul prix mondial. La campagne de frappes profondes de Kyiv est devenue une variable matérielle de l'inflation occidentale, et non un simple épisode militaire. Chaque raffinerie touchée resserre le marché des carburants qui alimente les paris de hausse de la BCE et de la BoE."
2026-07-14,"Tuesday, 14 July 2026",14,RUSSIA,Russian ballistic missiles hit Kyiv overnight,Meduza,meduza.io,https://meduza.io/en/news/2026/07/14/russian-ballistic-missiles-hit-kyiv-overnight,"Ballistic salvos on the capital signal Moscow has no intention of freezing the front while ceasefire diplomacy proceeds. Each strike burns Ukrainian interceptor stocks that the West cannot replenish at the rate they are consumed — the binding constraint on Ukraine's defence, not manpower. Air-defence resupply, not territory, is the decision point for European capitals this quarter.",RUSSIE,Des missiles balistiques russes frappent Kyiv dans la nuit,"Des salves balistiques sur la capitale montrent que Moscou n'entend nullement geler le front pendant la diplomatie du cessez-le-feu. Chaque frappe consomme des intercepteurs ukrainiens que l'Occident ne peut reconstituer au rythme de leur usage — la véritable contrainte, plus que les effectifs. Le réapprovisionnement en défense antiaérienne, non le territoire, est la décision du trimestre pour les capitales européennes."
2026-07-14,"Tuesday, 14 July 2026",15,DEFENCE,"Ukraine agrees a plan to acquire 16 Rafale jets, Macron says",Defense News,defensenews.com,https://www.defensenews.com/global/europe/2026/07/14/ukraine-agrees-on-plan-to-acquire-16-rafale-jets-frances-macron-says/,"France is locking Ukraine into a European airframe for decades, hedging against a US supply cut-off that Kyiv now treats as a live risk. Sixteen jets change little tactically but a lot industrially: this is Europe buying strategic autonomy through Ukraine's order book. Watch which nations fund it — that list is the real coalition.",DÉFENSE,"L'Ukraine s'accorde sur l'acquisition de 16 Rafale, annonce Macron","La France arrime l'Ukraine à une cellule européenne pour des décennies, en couverture d'une rupture d'approvisionnement américaine que Kyiv juge désormais plausible. Seize appareils changent peu sur le plan tactique, beaucoup sur le plan industriel : l'Europe achète son autonomie stratégique via le carnet de commandes ukrainien. Les nations qui financeront cet achat constituent la vraie coalition."
2026-07-14,"Tuesday, 14 July 2026",16,DEFENCE,"Nine nations back Ukraine's Patriot alternative, Freyja — and want it flying within a year",Defense News,defensenews.com,https://www.defensenews.com/global/europe/2026/07/14/9-nations-back-ukraines-patriot-alternative-freyja-and-want-it-flying-in-a-year/,Nine states funding a non-US interceptor is the clearest admission yet that Patriot supply cannot meet European demand. A one-year fielding target is aggressive but the strategic point is already made: air defence is decoupling from Washington. Raytheon's monopoly premium and NATO's dependency assumptions both weaken from here.,DÉFENSE,"Neuf pays soutiennent Freyja, l'alternative ukrainienne au Patriot, et la veulent opérationnelle en un an","Neuf États finançant un intercepteur non américain constituent l'aveu le plus net que l'offre de Patriot ne peut satisfaire la demande européenne. L'échéance d'un an est ambitieuse, mais le message stratégique est déjà passé : la défense antiaérienne se découple de Washington. La prime de monopole de Raytheon et les hypothèses de dépendance de l'OTAN s'affaiblissent d'autant."
2026-07-14,"Tuesday, 14 July 2026",17,GEOPOLITICS,Putin will turn a cease-fire into a weapon,Foreign Affairs,foreignaffairs.com,https://www.foreignaffairs.com/russia/putin-will-turn-cease-fire-weapon,"Any pause Moscow accepts will be used to reconstitute forces and split the Western coalition over sanctions relief, not to end the war. Negotiators who treat a ceasefire as an end state rather than a Russian operational phase will hand Moscow the initiative. The test of any deal is what it does to Russian reconstitution rates, not what it says on paper.",GÉOPOLITIQUE,Poutine transformera un cessez-le-feu en arme,"Toute pause acceptée par Moscou servira à reconstituer ses forces et à diviser la coalition occidentale sur la levée des sanctions, non à finir la guerre. Les négociateurs qui prennent un cessez-le-feu pour une fin plutôt que pour une phase opérationnelle russe céderont l'initiative. Le seul test d'un accord est son effet sur le rythme de reconstitution russe, non son libellé."
2026-07-14,"Tuesday, 14 July 2026",18,DIPLOMACY,"Peace in Ukraine unlikely to be reached soon, Polish PM says",Reuters,reuters.com,https://news.google.com/rss/search?q=site:reuters.com+Peace+in+Ukraine+unlikely+Polish+PM&hl=en-US&gl=US&ceid=US:en,"Warsaw is the frontline state with the least incentive to be wrong about this, and it is publicly discounting the diplomatic track. That guidance should anchor procurement and fiscal planning across NATO's eastern flank for at least another budget cycle. Firms modelling a 2026 reconstruction boom are early.",DIPLOMATIE,"La paix en Ukraine n'est pas pour bientôt, selon le premier ministre polonais","Varsovie est l'État de première ligne le moins susceptible de se tromper à ce sujet, et elle dévalue publiquement la voie diplomatique. Cette lecture doit ancrer les achats et la planification budgétaire du flanc oriental de l'OTAN pour au moins un cycle de plus. Les entreprises misant sur un boom de reconstruction en 2026 anticipent trop tôt."
2026-07-14,"Tuesday, 14 July 2026",19,INTELLIGENCE,"Mossad planned the recruitment of a former Iranian president, report says",Folha de S.Paulo,folha.uol.com.br,https://www1.folha.uol.com.br/mundo/2026/07/mossad-planejou-recrutamento-do-ex-presidente-do-ira.shtml,"Whether or not the operation succeeded, publication is itself a weapon: it forces a paranoid purge inside Iran's political elite at the moment Tehran most needs cohesion. Expect arrests, factional score-settling and a hardening against any negotiator who can be smeared as compromised. This shrinks the pool of Iranians the West can actually deal with.",RENSEIGNEMENT,Le Mossad aurait planifié le recrutement d'un ancien président iranien,"Réussie ou non, l'opération devient une arme par sa seule publication : elle impose une purge paranoïaque au sommet iranien au moment où Téhéran a le plus besoin de cohésion. Attendre arrestations, règlements de comptes entre factions et durcissement contre tout négociateur suspect de compromission. Le vivier d'interlocuteurs iraniens disponibles pour l'Occident se réduit d'autant."
2026-07-14,"Tuesday, 14 July 2026",20,INTELLIGENCE,"FSB says it foiled a 35-drone attack near Moscow, blames Ukrainian intelligence",Meduza,meduza.io,https://meduza.io/en/news/2026/07/14/russia-s-fsb-says-it-foiled-a-35-drone-attack-near-moscow-and-blames-ukrainian-intelligence-and-a-rapper-living-in-the-u-s,A claimed 35-drone plot inside the capital region — plausible or fabricated — gives the Kremlin the pretext for a domestic security crackdown and a justification for escalation against Kyiv. Note the inclusion of a US-based figure in the accusation: that is groundwork for framing Washington as a direct party. Watch for it to reappear in Russian justifications for strikes on decision-making centres.,RENSEIGNEMENT,Le FSB dit avoir déjoué une attaque de 35 drones près de Moscou et accuse le renseignement ukrainien,Un complot revendiqué de 35 drones dans la région de la capitale — plausible ou fabriqué — offre au Kremlin le prétexte d'un tour de vis intérieur et la justification d'une escalade contre Kyiv. Noter l'inclusion d'une figure résidant aux États-Unis : c'est la préparation d'un récit désignant Washington comme partie directe. Cet argument resservira pour justifier des frappes sur les centres de décision.
2026-07-14,"Tuesday, 14 July 2026",21,POLITICS,Hungary's parliament votes to remove the president from office,BBC World,bbc.co.uk,https://www.bbc.co.uk/news/articles/cp8r002gdevo,"An EU member state has just removed a head of state by parliamentary vote, testing the bloc's rule-of-law machinery at a moment when Brussels needs Budapest's consent on Ukraine and energy files. The immediate question is who fills the office and what it does to Hungary's veto behaviour in Council. EU-exposed investors should watch the Article 7 and cohesion-funds track closely.",POLITIQUE,Le Parlement hongrois vote la destitution du président,"Un État membre de l'UE vient de destituer un chef d'État par vote parlementaire, mettant à l'épreuve les mécanismes d'État de droit au moment où Bruxelles a besoin de l'accord de Budapest sur l'Ukraine et l'énergie. La question immédiate est celle du successeur et de son effet sur le comportement de veto hongrois au Conseil. Les investisseurs exposés à l'UE doivent suivre l'article 7 et les fonds de cohésion."
2026-07-14,"Tuesday, 14 July 2026",22,CHINA,China urges Europe to stop backing the 'illegal' South China Sea ruling,Reuters,reuters.com,https://news.google.com/rss/search?q=site:reuters.com+China+urges+Europe+South+China+Sea+ruling&hl=en-US&gl=US&ceid=US:en,Beijing is applying pressure on Europe over maritime law precisely while the West is preoccupied with Hormuz — a test of whether EU capitals defend the same freedom-of-navigation principle in two theatres. Any European softening here is a template Beijing will reuse on Taiwan. Trade-dependent EU states will feel the leverage first.,CHINE,La Chine exhorte l'Europe à cesser de soutenir la décision « illégale » sur la mer de Chine méridionale,Pékin fait pression sur l'Europe en matière de droit maritime au moment précis où l'Occident est absorbé par Ormuz — un test sur la défense du même principe de liberté de navigation dans deux théâtres. Tout fléchissement européen fournirait à Pékin un précédent réutilisable sur Taïwan. Les États européens dépendants du commerce en subiront le levier en premier.
2026-07-14,"Tuesday, 14 July 2026",23,CANADA,Canada selects the Joint Strike Missile,Janes,janes.com,https://www.janes.com/,"Ottawa is buying a credible long-range anti-ship weapon at the exact moment maritime chokepoints have become the world's decisive terrain. The selection binds Canada tighter to the Norwegian–US industrial base and signals that Arctic and Pacific sea denial is now a funded requirement, not a white-paper aspiration. Canadian defence suppliers should read this as the direction of the next procurement cycle.",CANADA,Le Canada choisit le Joint Strike Missile,"Ottawa acquiert une arme antinavire longue portée crédible au moment même où les détroits deviennent le terrain décisif du monde. Ce choix arrime davantage le Canada à la base industrielle norvégo-américaine et indique que le déni maritime en Arctique et dans le Pacifique est désormais financé, et non plus un vœu de livre blanc. Les fournisseurs canadiens y liront l'orientation du prochain cycle d'achats."
2026-07-14,"Tuesday, 14 July 2026",24,POLITICS,UK counterterrorism police take the lead in probe into a conservative politician's killing,National Post,nationalpost.com,https://nationalpost.com/news/world/ann-widdecombe-killing-investigation,"Counterterrorism taking primacy reclassifies a murder as a political attack on the British state, with immediate consequences for MP security, party rhetoric and public order. Expect emergency protection measures and a hardening of the domestic debate on extremism heading into an already volatile UK political cycle. This raises UK political risk on the margin for markets already watching gilts.",POLITIQUE,L'antiterrorisme britannique prend la tête de l'enquête sur le meurtre d'une figure politique conservatrice,"La primauté de l'antiterrorisme requalifie un meurtre en attaque politique contre l'État britannique, avec des conséquences immédiates sur la sécurité des élus, le discours des partis et l'ordre public. Attendre des mesures de protection d'urgence et un durcissement du débat sur l'extrémisme dans un cycle politique déjà instable. Le risque politique britannique s'accroît pour des marchés déjà attentifs aux gilts."
2026-07-14,"Tuesday, 14 July 2026",25,RUSSIA,Outspoken Putin critic planning an autumn election run arrested as a 'foreign agent',National Post,nationalpost.com,https://nationalpost.com/news/world/outspoken-putin-critic-with-plans-to-run-in-russias-fall-elections-arrested-as-foreign-agent,"The Kremlin is clearing the ballot before the autumn vote, which tells you it expects wartime economic strain to show up politically. Pre-emptive arrests signal a regime managing risk from below while escalating abroad. Anyone modelling a negotiated settlement should note that Putin is buying domestic insulation, not preparing to sell concessions to voters.",RUSSIE,Un critique de Poutine candidat aux élections d'automne arrêté comme « agent de l'étranger »,"Le Kremlin nettoie le scrutin avant l'automne, signe qu'il redoute une traduction politique des tensions économiques de guerre. Ces arrestations préventives révèlent un régime gérant le risque intérieur tout en escaladant à l'extérieur. Qui modélise un règlement négocié doit noter que Poutine s'achète une isolation intérieure, et non des concessions à vendre aux électeurs."
2026-07-14,"Tuesday, 14 July 2026",26,DEFENCE,Pentagon announces 'immediate suspension' of CMMC Phase II mandates,Breaking Defense,breakingdefense.com,https://breakingdefense.com/2026/07/pentagon-announces-immediate-suspension-of-cmmc-mandates/,The Pentagon has just relieved its supply base of a cybersecurity compliance burden in the middle of an active shooting war — prioritising throughput over hardening. Contractors get relief on cost and timelines; the attack surface across the defence industrial base stays open. Expect this to be revisited fast if a supplier breach surfaces.,DÉFENSE,Le Pentagone annonce la « suspension immédiate » des exigences CMMC de phase II,Le Pentagone allège la charge de conformité en cybersécurité de sa base industrielle en pleine guerre ouverte — privilégiant le débit à la protection. Les fournisseurs y gagnent en coûts et en délais ; la surface d'attaque de la base industrielle de défense reste ouverte. Décision qui sera vite réexaminée si une brèche fournisseur éclate.
2026-07-14,"Tuesday, 14 July 2026",27,DEFENCE,Lawmakers demand the Pentagon release findings from its Iran school strike probe,Defense News,defensenews.com,https://www.defensenews.com/news/pentagon-congress/2026/07/13/lawmakers-demand-pentagon-release-findings-from-probe-of-iran-school-strike/,"A contested civilian-casualty incident is now a congressional oversight fight, and it is the first real domestic constraint on the campaign's freedom of action. Withholding the findings feeds both the legal exposure and Tehran's information operation. How the Pentagon handles this sets the political ceiling on how long strikes can continue unexamined.",DÉFENSE,Des parlementaires exigent la publication de l'enquête du Pentagone sur la frappe d'une école en Iran,Un incident contesté de victimes civiles devient un bras de fer de contrôle parlementaire — la première contrainte intérieure réelle sur la liberté d'action de la campagne. Retenir les conclusions nourrit à la fois l'exposition juridique et l'opération informationnelle iranienne. La gestion de ce dossier fixera le plafond politique de la poursuite des frappes sans examen.
2026-07-14,"Tuesday, 14 July 2026",28,INDIA,India's wholesale inflation quickens to 9.87% as food prices bite,Economic Times,economictimes.indiatimes.com,https://economictimes.indiatimes.com/news/economy/indicators/wpi-inflation-quickens-to-9-87-in-june-from-9-68-in-may/articleshow/132383131.cms,"Near-double-digit wholesale inflation before the Hormuz oil shock has fully passed through means India's price path is set to worsen, not stabilise. The RBI loses room to support growth, and a country importing over 80% of its crude is the most exposed large economy to a sustained $86 Brent. Rupee, fuel subsidies and Indian equity margins are all downstream of this number.",INDE,"L'inflation de gros en Inde accélère à 9,87 % sous la pression des prix alimentaires","Une inflation de gros proche de deux chiffres avant même la répercussion complète du choc d'Ormuz signifie que la trajectoire des prix indiens va empirer, non se stabiliser. La RBI perd sa marge de soutien à la croissance, et un pays important plus de 80 % de son brut est la grande économie la plus exposée à un Brent durablement à 86 $. Roupie, subventions aux carburants et marges des entreprises indiennes en découlent."
2026-07-14,"Tuesday, 14 July 2026",29,MACRO,Rathbones cuts gilt exposure in case Burnham 'does a Truss',Financial Post,financialpost.com,https://financialpost.com/pmn/business-pmn/rathbones-cut-gilt-exposure-in-case-burnham-does-a-truss,"Institutional money is pre-positioning against a UK fiscal accident before it happens — the same reflex that made 2022 self-fulfilling. Gilt risk premia rising into an oil shock and a hawkish BoE repricing is a dangerous combination for UK borrowing costs. Anyone with sterling liabilities or UK duration should be watching the long end, not the headlines.",MACRO,Rathbones réduit son exposition aux gilts par crainte d'un « effet Truss » avec Burnham,"Les investisseurs institutionnels se positionnent contre un accident budgétaire britannique avant qu'il ne survienne — le réflexe même qui a rendu 2022 auto-réalisateur. Une prime de risque sur les gilts en hausse, conjuguée à un choc pétrolier et à un durcissement de la BoE, est explosive pour le coût d'emprunt britannique. Toute exposition en sterling doit surveiller la partie longue de la courbe."
2026-07-14,"Tuesday, 14 July 2026",30,EU,Commission buries Gaza audits as the EU's top court faces a transparency backlash,EUobserver,euobserver.com,https://euobserver.com/227149/secrecy-tracker-commission-buries-gaza-audits-as-eu-top-court-faces-transparency-backlash/,Withholding audits of EU spending in Gaza hands ammunition to critics of Brussels' legitimacy at a moment when the bloc is asking members for more money and more unity. Transparency fights of this kind become the wedge that populist parties use in national campaigns. The credibility cost lands squarely on the Commission's next budget ask.,UE,La Commission enterre les audits sur Gaza tandis que la Cour de l'UE affronte une fronde sur la transparence,"Retenir les audits des dépenses de l'UE à Gaza fournit des munitions aux contempteurs de la légitimité bruxelloise, alors même que l'Union réclame plus d'argent et plus d'unité à ses membres. Ce type de bataille sur la transparence devient le coin qu'exploitent les partis populistes dans les campagnes nationales. Le coût de crédibilité pèsera sur la prochaine demande budgétaire de la Commission."
2026-07-14,"Tuesday, 14 July 2026",31,HUMANITARIAN,UN: Aid deliveries to Gaza restricted; agencies brace for El Niño response,UN News,news.un.org,https://news.un.org/en/story/2026/07/1167930,"Restricted access to Gaza keeps a legal and diplomatic liability live for every state supporting the campaign, and it will resurface in ICC and ICJ proceedings. Simultaneously, El Niño planning signals a coming food-security shock that will collide with $86 oil and elevated freight. The humanitarian financing system is about to be asked to absorb both at once.",HUMANITAIRE,ONU : livraisons d'aide restreintes à Gaza ; les agences se préparent à une réponse El Niño,"L'accès restreint à Gaza maintient un passif juridique et diplomatique pour chaque État soutenant la campagne, et ressurgira devant la CPI et la CIJ. Parallèlement, la préparation à El Niño annonce un choc de sécurité alimentaire qui percutera un pétrole à 86 $ et un fret élevé. Le système de financement humanitaire devra absorber les deux simultanément."
2026-07-14,"Tuesday, 14 July 2026",32,AFRICA,Senegal is on the brink,Foreign Affairs,foreignaffairs.com,https://www.foreignaffairs.com/senegal/senegal-brink,"Senegal has been West Africa's last uninterrupted democracy and the anchor state for Western engagement in a region already lost to coups. Its destabilisation would complete the Sahel's strategic flip and hand Russia and China an open field on the Atlantic coast. Energy, migration and counterterrorism policy for Europe all run through Dakar's stability.",AFRIQUE,Le Sénégal au bord du gouffre,"Le Sénégal est la dernière démocratie ininterrompue d'Afrique de l'Ouest et le point d'ancrage de l'engagement occidental dans une région déjà livrée aux putschs. Sa déstabilisation achèverait le basculement stratégique du Sahel et ouvrirait à la Russie et à la Chine un boulevard sur la côte atlantique. Énergie, migration et lutte antiterroriste européennes passent toutes par la stabilité de Dakar."
2026-07-14,"Tuesday, 14 July 2026",33,INTL LAW,Bangladesh's death sentence against Sheikh Hasina and the weaponisation of its crimes tribunal,Opinio Juris,opiniojuris.org,http://opiniojuris.org/2026/07/13/accountability-as-instrument-the-death-sentence-against-sheikh-hasina-and-the-weaponisation-of-bangladeshs-international-crimes-tribunal/,"A capital sentence against a former prime minister via a tribunal built for international crimes converts transitional justice into political elimination. It sets a precedent that every successor government in South Asia will now weigh, and it complicates Western engagement with Dhaka on trade and migration. India's posture toward Bangladesh is the variable to watch.",DROIT INTL,La condamnation à mort de Sheikh Hasina et l'instrumentalisation du tribunal bangladais,"Une condamnation à mort visant une ancienne première ministre, prononcée par un tribunal conçu pour les crimes internationaux, transforme la justice transitionnelle en élimination politique. Le précédent pèsera sur tout gouvernement successeur en Asie du Sud et complique l'engagement occidental avec Dacca sur le commerce et les migrations. La posture indienne envers le Bangladesh est la variable à suivre."
2026-07-14,"Tuesday, 14 July 2026",34,TECHNOLOGY,Civilian protection in the age of military AI: what Congress's new proposals reveal,Just Security,justsecurity.org,https://www.justsecurity.org/146544/civilian-protection-military-ai-congress/,"Congress is legislating AI targeting safeguards in the same week the US fielded autonomous sea drones in combat — law chasing capability in real time. The rules written now will govern liability, export control and procurement for a decade. Defence-tech firms and their investors should read the draft language as the compliance regime they will actually be sold under.",TECHNOLOGIE,Protection des civils à l'ère de l'IA militaire : ce que révèlent les nouvelles propositions du Congrès,"Le Congrès légifère sur les garde-fous du ciblage par IA la semaine même où les États-Unis engagent des drones marins autonomes au combat — le droit courant après la capacité. Les règles écrites aujourd'hui régiront responsabilité, contrôle des exportations et achats pour une décennie. Les entreprises de défense technologique et leurs investisseurs doivent y lire le régime de conformité auquel elles seront soumises."
2026-07-15,"Wednesday, 15 July 2026",1,SECURITY,US launches a fresh wave of strikes on Iran and hits a tanker running the blockade,NPR,npr.org,https://www.npr.org/2026/07/15/nx-s1-5894582/us-iran-updates,"Washington has moved from deterrence to active interdiction — sinking the ships that try to move Iranian oil is a naval blockade in all but name. That raises the odds of a direct clash with any tanker or navy that tests it, and puts a hard floor under the war-risk premium in crude. Treat the Gulf as a live combat zone for shipping, not a diplomatic standoff.",SÉCURITÉ,Les États-Unis lancent une nouvelle vague de frappes sur l’Iran et touchent un pétrolier forçant le blocus,"Washington est passé de la dissuasion à l’interdiction active — couler les navires qui tentent de déplacer le pétrole iranien, c’est un blocus naval en tout sauf le nom. Cela accroît le risque d’affrontement direct avec tout pétrolier ou marine qui le défie, et met un plancher solide sous la prime de risque de guerre sur le brut. Traitez le Golfe comme une zone de combat active pour le transport maritime, non comme une impasse diplomatique."
2026-07-15,"Wednesday, 15 July 2026",2,OIL,Brent eases to $85.92 even as the Hormuz blockade holds,Fortune,fortune.com,https://fortune.com/article/price-of-oil-07-15-2026/,"Oil slipping on a day the blockade is intact tells you traders had already priced the disruption and are now taking profits, not that risk has passed. The +24% year-on-year level is the real signal: this is the new base, and any fresh escalation launches from there. Do not mistake a down day for de-escalation.",PÉTROLE,"Le Brent reflue à 85,92 $ malgré le maintien du blocus d’Ormuz","Un pétrole qui reflue le jour où le blocus tient montre que les opérateurs avaient déjà valorisé la perturbation et prennent leurs bénéfices, non que le risque est passé. Le niveau, +24 % sur un an, est le vrai signal : c’est la nouvelle base, et toute escalade repart de là. Ne prenez pas une séance en baisse pour une désescalade."
2026-07-15,"Wednesday, 15 July 2026",3,MACRO,"June inflation cools to 3.5%, the biggest monthly drop since 2020",CBS News,cbsnews.com,https://www.cbsnews.com/news/june-2026-cpi-report/,"A sharp cooldown — driven by pre-war gasoline prices — hands the Fed room it is about to lose as oil climbs back. This is the last clean inflation print before the Hormuz premium feeds through, so the disinflation story peaks here. Read it as the high-water mark, not a trend.",MACRO,"L’inflation de juin ralentit à 3,5 %, la plus forte baisse mensuelle depuis 2020","Un net refroidissement — porté par des prix de l’essence d’avant-guerre — offre à la Fed une marge qu’elle est sur le point de perdre à mesure que le pétrole remonte. C’est la dernière lecture d’inflation propre avant que la prime d’Ormuz ne se répercute : le récit de désinflation culmine ici. À lire comme un sommet, non comme une tendance."
2026-07-15,"Wednesday, 15 July 2026",4,RATES,New Fed Chair Warsh says the inflation win is not ‘mission accomplished’,CNBC,cnbc.com,https://www.cnbc.com/2026/07/15/fed-chairman-kevin-warsh-inflation-credibility-test-analysis.html,"A hawkish debut — and a public ‘I’m not taking orders from the White House’ — signals the Fed will not cut into a war-driven oil shock just because politics wants it. For anyone positioning on rate cuts, this is a warning that the bar to easing just rose. Independence is being asserted precisely when it will be tested.",TAUX,"Le nouveau président de la Fed, Warsh, dit que la victoire sur l’inflation n’est pas « mission accomplie »","Un début faucon — et un « je ne reçois pas d’ordres de la Maison-Blanche » assumé publiquement — indique que la Fed ne baissera pas ses taux dans un choc pétrolier de guerre au seul gré du politique. Pour quiconque parie sur des baisses, c’est un avertissement : la barre pour assouplir vient de monter. L’indépendance s’affirme au moment précis où elle sera éprouvée."
2026-07-15,"Wednesday, 15 July 2026",5,MARKETS,Stocks close lower as Alphabet and chip shares lead a selloff,CNBC,cnbc.com,https://www.cnbc.com/2026/07/15/stock-market-today-live-updates.html,"The rally off the cool CPI print lasted barely a session before tech leadership rolled over — a sign the market is more worried about the oil-and-war path than relieved by inflation. When the highest-quality names sell first, it usually means positioning is crowded and nervous. Watch breadth, not the index.",MARCHÉS,"Les actions clôturent en baisse, Alphabet et les puces en tête du repli","Le rebond après la bonne surprise d’inflation a tenu à peine une séance avant que le leadership technologique ne cède — signe que le marché s’inquiète davantage de la trajectoire pétrole-guerre qu’il n’est soulagé par l’inflation. Quand les titres de la plus haute qualité se vendent en premier, c’est en général que le positionnement est encombré et nerveux. Surveillez l’ampleur du marché, pas l’indice."
2026-07-15,"Wednesday, 15 July 2026",6,GEOPOLITICS,Iran reports 260+ injured as US strikes hit Chabahar port,CBS News,cbsnews.com,https://www.cbsnews.com/live-updates/iran-us-war-trump-strait-of-hormuz-persian-gulf-strikes/,"Hitting Chabahar — India’s strategic gateway to Central Asia, built to bypass Pakistan — drags a third power’s interests into the war. Rising civilian casualties also narrow Tehran’s room to climb down without looking defeated at home. Each struck port is both an economic and a diplomatic escalation.",GÉOPOLITIQUE,L’Iran fait état de plus de 260 blessés après des frappes américaines sur le port de Chabahar,"Frapper Chabahar — la porte stratégique de l’Inde vers l’Asie centrale, conçue pour contourner le Pakistan — entraîne les intérêts d’une troisième puissance dans la guerre. La hausse des pertes civiles réduit aussi la marge de Téhéran pour reculer sans paraître vaincu chez lui. Chaque port frappé est une escalade à la fois économique et diplomatique."
2026-07-15,"Wednesday, 15 July 2026",7,EARNINGS,The big five US banks post a record $49B in combined Q2 profit,Quartz,qz.com,https://qz.com/jpmorgan-goldman-bank-of-america-citigroup-wells-fargo-record-profits-071426,"Record bank profits — with trading revenue surging — show Wall Street is monetizing exactly the volatility unsettling everyone else. Strong balance sheets also mean the financial system enters this geopolitical shock from strength, not fragility. For allocators, banks are the sector best positioned to profit from the turbulence ahead.",RÉSULTATS,Les cinq grandes banques américaines affichent un bénéfice trimestriel record combiné de 49 G$,"Des bénéfices bancaires records — avec des revenus de trading en forte hausse — montrent que Wall Street monétise précisément la volatilité qui inquiète tout le monde. Des bilans solides signifient aussi que le système financier aborde ce choc géopolitique en position de force, non de fragilité. Pour les allocateurs, les banques sont le secteur le mieux placé pour profiter de la turbulence à venir."
2026-07-15,"Wednesday, 15 July 2026",8,CANADA,Bank of Canada holds its rate at 2.25% as growth rebounds,CBC News,cbc.ca,https://www.cbc.ca/news/business/bank-of-canada-interest-july-2026-9.7270689,"Holding while flagging a rebound to 1.8% growth in 2027 signals the Bank thinks the easing cycle is done for now. With gasoline pushing inflation to 3.2%, the next move is as likely up as down — a real shift for anyone with Canadian floating-rate exposure. Plan for rates to sit, not fall.",CANADA,"La Banque du Canada maintient son taux à 2,25 % alors que la croissance rebondit","Maintenir le taux tout en anticipant un rebond de la croissance à 1,8 % en 2027 signale que la Banque juge le cycle d’assouplissement terminé pour l’instant. Avec l’essence qui pousse l’inflation à 3,2 %, le prochain geste est autant à la hausse qu’à la baisse — un vrai changement pour quiconque est exposé aux taux variables canadiens. Anticipez des taux stables, non en baisse."
2026-07-15,"Wednesday, 15 July 2026",9,EARNINGS,"Johnson & Johnson lifts its outlook, guiding to its first $100B revenue year",Quartz,qz.com,https://qz.com/johnson-johnson-q2-2026-earnings-medicines-outlook-071526,"A blue-chip healthcare name raising guidance into the turmoil shows where defensive money can hide: demand for medicines does not track the oil price. J&J’s 72% jump in its lead drug underlines that pharma innovation, not the macro, drives this tape. In a risk-off rotation, quality healthcare is a place to stand.",RÉSULTATS,Johnson & Johnson relève ses prévisions et vise sa première année à 100 G$ de revenus,"Un fleuron de la santé qui relève ses prévisions en pleine tourmente montre où l’argent défensif peut se réfugier : la demande de médicaments ne suit pas le prix du pétrole. Le bond de 72 % de son médicament phare souligne que c’est l’innovation pharmaceutique, non la macro, qui porte ce titre. Dans une rotation défensive, la santé de qualité est un point d’ancrage."
2026-07-15,"Wednesday, 15 July 2026",10,TECH,ASML raises its 2026 outlook again on surging AI chip demand,ASML,asml.com,https://www.asml.com/en/news/press-releases/2026/q2-2026-financial-results,"The sole maker of the machines that print advanced chips lifting guidance is the cleanest read that AI capex is still accelerating, war or no war. ASML’s order book leads the entire semiconductor cycle, so a raise here underwrites the whole AI-infrastructure trade. It is the supply-side confirmation the demand is real.",TECH,ASML relève de nouveau ses prévisions 2026 sur la flambée de la demande de puces IA,"Le seul fabricant des machines qui gravent les puces avancées qui relève ses prévisions est la lecture la plus nette que l’investissement en IA accélère encore, guerre ou pas. Le carnet de commandes d’ASML précède tout le cycle des semi-conducteurs : un relèvement ici cautionne l’ensemble du pari infrastructure-IA. C’est la confirmation, côté offre, que la demande est réelle."
2026-07-15,"Wednesday, 15 July 2026",11,DIPLOMACY,Trump drops a 20% Hormuz ‘toll’ idea but vows to reinstate the blockade,Fox News,foxnews.com,https://www.foxnews.com/live-news/iran-war-trump-israel-hormuz-oil-july-15-2026,"Floating and then dropping a transit toll shows US strategy is still being improvised in real time — a source of risk on top of the war itself. Choosing blockade over tolling means Washington wants to deny Iran revenue, not tax the trade, which is the more escalatory path. Expect policy to keep lurching; hedge the uncertainty, not just the direction.",DIPLOMATIE,Trump abandonne l’idée d’un « péage » de 20 % à Ormuz mais promet de rétablir le blocus,"Lancer puis abandonner l’idée d’un péage de transit montre que la stratégie américaine s’improvise encore en temps réel — une source de risque qui s’ajoute à la guerre. Préférer le blocus au péage signifie que Washington veut priver l’Iran de revenus, non taxer le commerce : la voie la plus escaladante. Attendez-vous à une politique en zigzag ; couvrez l’incertitude, pas seulement la direction."
2026-07-15,"Wednesday, 15 July 2026",12,GEOPOLITICS,Senate revives Graham’s Russia sanctions bill days after his death,Deseret News,deseret.com,https://www.deseret.com/politics/2026/07/15/congress-moves-russia-sanctions-bill-after-lindsey-graham-death/,"Narrowing the 100% tariff threat to China and India makes it far more usable — and far more dangerous, since it targets Russia’s two remaining big buyers. If enacted, it forces Beijing and New Delhi to choose between cheap Russian crude and access to the US market. Watch this as a second front in the global energy-and-trade war.",GÉOPOLITIQUE,Le Sénat relance le projet de sanctions russes de Graham quelques jours après sa mort,"Restreindre la menace de tarifs de 100 % à la Chine et à l’Inde la rend bien plus applicable — et bien plus dangereuse, car elle vise les deux derniers grands acheteurs de la Russie. Adoptée, elle forcerait Pékin et New Delhi à choisir entre le brut russe bon marché et l’accès au marché américain. À suivre comme un second front dans la guerre mondiale de l’énergie et du commerce."
2026-07-15,"Wednesday, 15 July 2026",13,EARNINGS,Morgan Stanley posts a record Q2 as trading and wealth beat,StockStory,financialcontent.com,https://www.financialcontent.com/article/stockstory-2026-7-15-morgan-stanley-nysems-delivers-impressive-q2-cy2026,"Another Wall Street blowout confirms the pattern: the banks are the war’s clearest corporate winners as volatility fuels trading desks. Wealth-management strength also shows client assets are staying put, not fleeing. The read-through is that market stress is transferring profit to intermediaries, not destroying it.",RÉSULTATS,"Morgan Stanley signe un T2 record, trading et gestion de fortune au-dessus des attentes","Un nouveau trimestre canon confirme la tendance : les banques sont les gagnantes les plus nettes de la guerre, la volatilité alimentant les salles de marché. La vigueur de la gestion de fortune montre aussi que les actifs des clients restent en place plutôt que de fuir. À retenir : le stress de marché transfère le profit vers les intermédiaires, il ne le détruit pas."
2026-07-15,"Wednesday, 15 July 2026",14,DIPLOMACY,China rejects US sanctions over its purchases of Russian crude,China MFA,fmprc.gov.cn,https://www.fmprc.gov.cn/eng/xw/fyrbt/lxjzh/202607/t20260715_11983134.html,"Beijing drawing a hard line signals it will not quietly comply with US secondary sanctions — setting up a direct collision with the revived Graham bill. That resistance is what determines whether sanctions actually curb Russia’s war chest or just fracture global trade further. The pressure point in this war is increasingly Beijing, not Moscow.",DIPLOMATIE,La Chine rejette les sanctions américaines sur ses achats de brut russe,"En traçant une ligne rouge, Pékin signale qu’il ne se pliera pas discrètement aux sanctions secondaires américaines — préparant une collision directe avec le projet Graham relancé. Cette résistance déterminera si les sanctions freinent réellement le trésor de guerre russe ou ne font que fracturer davantage le commerce mondial. Le point de pression de cette guerre est de plus en plus Pékin, non Moscou."
2026-07-15,"Wednesday, 15 July 2026",15,MARKETS,SpaceX shares slip below their IPO price for the first time,Investing.com,investing.com,https://www.investing.com/news/stock-market-news/spacex-shares-slide-below-ipo-price-as-blistering-rally-unravels-4793926,"The month’s hottest IPO breaking its issue price is a clean sign the speculative bid is draining out of the market. When even a marquee name like SpaceX gives back a third of its peak value, it signals investors are de-risking, not dip-buying. Read it as the froth coming off ahead of a broader repricing.",MARCHÉS,L’action SpaceX passe pour la première fois sous son prix d’introduction,"La plus fébrile introduction du mois qui casse son prix d’émission est un signe net que la prime spéculative se retire du marché. Quand même un nom vedette comme SpaceX rend un tiers de sa valeur au sommet, c’est que les investisseurs réduisent le risque plutôt qu’ils n’achètent le creux. À lire comme l’écume qui retombe avant une revalorisation plus large."
2026-07-15,"Wednesday, 15 July 2026",16,DEFENSE,"Ukraine matches Russia’s advance pace as Germany funds 50,000 attack drones",Hudson Institute,hudson.org,https://www.hudson.org/foreign-policy/ukraine-military-situation-report-july-15-can-kasapoglu,"Ukraine reaching parity on the ground while Europe scales drone production shows the war is being decided by manufacturing capacity, not battlefield heroics. Germany funding 50,000 drones is the continent quietly building the muscle to sustain Kyiv without Washington. The strategic story is Europe’s industrial mobilization — watch defense suppliers.",DÉFENSE,L’Ukraine égale le rythme d’avancée russe; l’Allemagne finance 50 000 drones d’attaque,"Une Ukraine qui atteint la parité au sol pendant que l’Europe accroît sa production de drones montre que la guerre se décide par la capacité industrielle, non par l’héroïsme au front. L’Allemagne finançant 50 000 drones, c’est le continent qui bâtit discrètement les moyens de soutenir Kyiv sans Washington. L’histoire stratégique est la mobilisation industrielle européenne — surveillez les fournisseurs de défense."
2026-07-15,"Wednesday, 15 July 2026",17,GEOPOLITICS,Israel’s Knesset shields ultra-Orthodox draft dodgers and funds new settlements,The Times of Israel,timesofisrael.com,https://www.timesofisrael.com/liveblog-july-15-2026/,"Passing draft exemptions during a regional war exposes the fault line inside Israel’s coalition: political survival is trumping military manpower needs. The $431M settlement outlay signals the government is spending its capital on its base, not on de-escalation. Domestic coalition math, not strategy, is now steering Israeli decisions.",GÉOPOLITIQUE,La Knesset protège les insoumis ultra-orthodoxes et finance de nouvelles colonies,"Adopter des exemptions de service en pleine guerre régionale révèle la ligne de faille de la coalition israélienne : la survie politique l’emporte sur les besoins en effectifs militaires. Les 431 M$ pour les colonies montrent un gouvernement qui dépense son capital pour sa base, non pour la désescalade. C’est désormais l’arithmétique de coalition, non la stratégie, qui guide les décisions israéliennes."
2026-07-16,"Thursday, 16 July 2026",1,EARNINGS,TSMC posts a record Q2 profit and pledges an extra $100B for Arizona,Yahoo Finance,finance.yahoo.com,https://finance.yahoo.com/markets/stocks/articles/tsmc-q2-2026-earnings-record-112109987.html,"A 77% profit jump and a $100B Arizona commitment confirm the AI buildout is accelerating and its center of gravity is shifting onto US soil. The raised $60–64B capex plan is the clearest hard-dollar vote that chip demand is real, not hype. But it is also what spooked the sell-side — see the semis reaction below.",RÉSULTATS,TSMC affiche un bénéfice trimestriel record et engage 100 G$ de plus pour l’Arizona,"Un bond de 77 % du bénéfice et un engagement de 100 G$ en Arizona confirment que le chantier de l’IA accélère et que son centre de gravité migre vers le sol américain. Le plan d’investissement relevé à 60-64 G$ est le vote le plus concret que la demande de puces est réelle, non un effet de mode. Mais c’est aussi ce qui a effrayé le marché — voir la réaction des semi-conducteurs ci-dessous."
2026-07-16,"Thursday, 16 July 2026",2,MARKETS,Nasdaq falls as chip stocks slide despite TSMC’s record quarter,Yahoo Finance,finance.yahoo.com,https://finance.yahoo.com/markets/live/stock-market-today-thursday-july-16-dow-sp-500-nasdaq-chip-stocks-slide-103116735.html,"A record from the sector’s bellwether that still sinks chip stocks is a textbook ‘good news is priced in’ moment — the AI trade is now valued for perfection. When results this strong cannot lift the group, it warns the easy gains are behind it. This is the first crack in the semiconductor leadership that carried the market.",MARCHÉS,"Le Nasdaq recule, les puces cèdent malgré le trimestre record de TSMC","Un record du chef de file du secteur qui fait pourtant plonger les puces est un cas d’école du « bonne nouvelle déjà intégrée » — le pari IA est désormais valorisé à la perfection. Quand des résultats aussi solides ne parviennent pas à soulever le groupe, c’est que les gains faciles sont derrière. Première fissure dans le leadership des semi-conducteurs qui a porté le marché."
2026-07-16,"Thursday, 16 July 2026",3,SECURITY,"Iran says eight killed in a sixth straight night of US strikes, warns the war will widen",Al Jazeera,aljazeera.com,https://www.aljazeera.com/news/2026/7/16/us-mounts-sixth-straight-night-of-attacks-as-iran-warns-of-wider-war,"Six consecutive nights hitting ports, bridges and airports is systematic dismantling of Iran’s coastal infrastructure, not punitive signaling. Tehran’s warning that Hormuz ‘will never return to how it was’ is a threat to make the disruption permanent. The trajectory points to a prolonged war, and markets should stop pricing a quick resolution.",SÉCURITÉ,L’Iran fait état de huit morts lors d’une sixième nuit de frappes et prévient que la guerre s’étendra,"Six nuits consécutives frappant ports, ponts et aéroports, c’est un démantèlement systématique de l’infrastructure côtière iranienne, non un signal punitif. L’avertissement de Téhéran qu’Ormuz « ne redeviendra jamais comme avant » est une menace de rendre la perturbation permanente. La trajectoire pointe vers une guerre prolongée ; les marchés devraient cesser de valoriser une résolution rapide."
2026-07-16,"Thursday, 16 July 2026",4,OIL,Oil eases toward $84.60 as traders take profits despite Hormuz risk,Fortune,fortune.com,https://fortune.com/article/price-of-oil-07-16-2026/,"Crude ticking lower after four days of gains is consolidation, not relief — the +22% year-on-year level is the war premium, and it is not coming out. For planners, the takeaway is that $85 is the floor to budget around while the Strait is contested. Volatility, not direction, is the thing to hedge.",PÉTROLE,"Le pétrole reflue vers 84,60 $, prises de bénéfices malgré le risque d’Ormuz","Un brut qui fléchit après quatre jours de hausse est une consolidation, non un soulagement — le niveau +22 % sur un an est la prime de guerre, et elle ne reflue pas. Pour les planificateurs, à retenir : 85 $ est le plancher à budgéter tant que le détroit est disputé. C’est la volatilité, non la direction, qu’il faut couvrir."
2026-07-16,"Thursday, 16 July 2026",5,M&A,ABB agrees to buy the UK’s Rotork for ~$5.5B in its largest-ever deal,ABB,abb.com,https://new.abb.com/news/detail/137499/abb-expands-automation-offering-with-acquisition-of-rotork,"A 60% premium for a flow-control maker is a conviction bet that electrification and automation demand runs for years. Big industrials paying up like this signal they see structural growth — grid, water, data centers — not a cyclical top. It is capital rotating into industrial automation as tech multiples wobble.",F&A,"ABB rachète la britannique Rotork pour ~5,5 G$, sa plus grande acquisition","Une prime de 60 % pour un fabricant de contrôle de débit est un pari de conviction sur des années de demande en électrification et automatisation. Des industriels qui paient ainsi voient une croissance structurelle — réseaux, eau, centres de données — non un sommet cyclique. C’est du capital qui bascule vers l’automatisation industrielle pendant que les multiples technologiques vacillent."
2026-07-16,"Thursday, 16 July 2026",6,TECH,Memory and chip stocks sink as TSMC’s capex surge spooks investors,Invezz,invezz.com,https://invezz.com/za/news/2026/07/16/micron-sk-hynix-other-memory-stocks-fall-as-tsmc-outlook-sparks-chip-selloff/,"SK Hynix and peers falling 8% on a rival’s spending plan shows the market now fears oversupply as much as it craves AI growth. Heavy capex today means more chips tomorrow — and thinner pricing power if demand blinks. For chip investors, the risk has quietly shifted from ‘will demand come’ to ‘will supply overshoot.’",TECH,"Les valeurs mémoire et puces plongent, l’envolée des capex de TSMC effraie les investisseurs","SK Hynix et ses pairs qui chutent de 8 % sur le plan de dépenses d’un rival montrent que le marché redoute désormais la surcapacité autant qu’il convoite la croissance de l’IA. De lourds capex aujourd’hui, c’est plus de puces demain — et un pouvoir de fixation des prix plus mince si la demande faiblit. Pour les investisseurs en puces, le risque a glissé de « la demande viendra-t-elle » à « l’offre va-t-elle déborder »."
2026-07-16,"Thursday, 16 July 2026",7,DEFENSE,Zelensky fires his defense minister in a sweeping wartime government shake-up,NPR,npr.org,https://www.npr.org/2026/07/16/g-s1-133920/ukraine-defense-minister-fired,"Removing the architect of Ukraine’s drone program mid-war — and triggering street protests — exposes real friction at the top of Kyiv’s command. Leadership instability, not Russian morale, is now the variable that could crack Ukraine’s war effort. Watch whether the reshuffle steadies the government or deepens the split.",DÉFENSE,Zelensky limoge son ministre de la Défense dans un vaste remaniement de guerre,"Écarter l’architecte du programme de drones ukrainien en pleine guerre — et provoquer des manifestations — révèle de vraies frictions au sommet du commandement de Kyiv. C’est l’instabilité du pouvoir, non le moral russe, qui pourrait désormais fissurer l’effort de guerre ukrainien. Reste à voir si le remaniement stabilise le gouvernement ou en creuse la fracture."
2026-07-16,"Thursday, 16 July 2026",8,EARNINGS,GE Aerospace beats and raises guidance as orders jump 17%,GE Aerospace,geaerospace.com,https://www.geaerospace.com/news/press-releases/ge-aerospace-announces-second-quarter-2026-results,"A 17% order jump and higher guidance show aerospace and defense demand is booming while consumer-facing tech wobbles. With NATO rearmament and air travel both strong, this is a sector with structural tailwinds independent of the AI trade. For rotation out of crowded tech, aerospace is a place real earnings are compounding.",RÉSULTATS,"GE Aerospace dépasse les attentes et relève ses prévisions, commandes en hausse de 17 %","Une hausse de 17 % des commandes et des prévisions relevées montrent que la demande en aérospatiale et défense explose pendant que la tech grand public vacille. Avec le réarmement de l’OTAN et un trafic aérien solide, c’est un secteur aux vents porteurs structurels, indépendant du pari IA. Pour sortir d’une tech encombrée, l’aérospatiale est un lieu où de vrais bénéfices se composent."
2026-07-16,"Thursday, 16 July 2026",9,DIPLOMACY,Israel and Lebanon agree on a ‘pilot zones’ framework after US-brokered Rome talks,The Defense Post,thedefensepost.com,https://thedefensepost.com/2026/07/16/lebanon-israel-positive-talks/,"A US-mediated framework to disarm Hezbollah and pull back Israeli troops is the first real diplomatic opening on the northern front. But with no withdrawal timetable and Hezbollah rejecting it, the deal is a structure without a guarantee. It is progress worth tracking precisely because a weakened Iran makes it suddenly plausible.",DIPLOMATIE,Israël et le Liban s’entendent sur un cadre de « zones pilotes » après des pourparlers à Rome,"Un cadre négocié par les États-Unis pour désarmer le Hezbollah et retirer les troupes israéliennes est la première vraie ouverture diplomatique sur le front nord. Mais sans calendrier de retrait et avec un Hezbollah qui le rejette, l’accord est une structure sans garantie. Un progrès à suivre, précisément parce qu’un Iran affaibli le rend soudain plausible."
2026-07-16,"Thursday, 16 July 2026",10,EARNINGS,Netflix slides to a 52-week low on a soft outlook and cooling engagement,The Hollywood Reporter,hollywoodreporter.com,https://www.hollywoodreporter.com/business/business-news/netflix-stock-analyst-reactions-q2-2026-earnings-report-1236650108/,"A streaming leader hitting a 52-week low on 2% viewing growth signals the megacap growth story is maturing faster than valuations assume. Cutting engagement disclosures to once a year reads as a company managing perception as the numbers cool. When the market punishes a beat, it warns how much optimism is still priced into big tech.",RÉSULTATS,Netflix tombe à un creux annuel sur des prévisions molles et un engagement en baisse,"Un leader du streaming au plus bas d’un an sur une croissance des heures visionnées de 2 % signale que le récit de croissance des géants mûrit plus vite que les valorisations ne le supposent. Réduire la publication des données d’engagement à une fois par an ressemble à une entreprise qui gère la perception à mesure que les chiffres refroidissent. Quand le marché sanctionne un dépassement, il avertit de l’optimisme encore logé dans la tech."
2026-07-16,"Thursday, 16 July 2026",11,DEFENSE,An Anduril drone fires the first live air-to-air missile in autonomous-fighter history,DefenseScoop,defensescoop.com,https://defensescoop.com/2026/07/15/air-force-live-fire-test-missile-anduril-cca-drone/,"An uncrewed jet killing a target with an AMRAAM is a genuine milestone: air combat is moving toward autonomous, attritable aircraft. For defense budgets and contractors, it validates a cheaper, mass-producible model that challenges the manned-fighter establishment. This is where the next decade of air-power spending gets decided.",DÉFENSE,Un drone d’Anduril tire le premier missile air-air réel de l’histoire du chasseur autonome,"Un avion sans pilote qui détruit une cible avec un AMRAAM est un vrai jalon : le combat aérien s’oriente vers des appareils autonomes et sacrifiables. Pour les budgets de défense et les industriels, cela valide un modèle moins cher et produisible en masse qui défie l’establishment du chasseur piloté. C’est là que se décide la prochaine décennie de dépenses de puissance aérienne."
2026-07-16,"Thursday, 16 July 2026",12,DEFENSE,Britain fast-tracks a new ‘Project Nightfall’ ballistic missile for Ukraine,Euromaidan Press,euromaidanpress.com,https://euromaidanpress.com/2026/07/16/uk-fast-tracks-new-ballistic-missile-for-ukraine/,"A cheap, mass-produced 500km missile built for Ukraine is Europe engineering its way off dependence on US weapons. At £800,000 a unit and ten a month, it is a template for affordable deep-strike at scale. The strategic signal is European defense autonomy accelerating — a multi-year procurement shift.",DÉFENSE,Le Royaume-Uni accélère un nouveau missile balistique « Project Nightfall » pour l’Ukraine,"Un missile de 500 km bon marché et produit en masse pour l’Ukraine, c’est l’Europe qui s’affranchit techniquement de sa dépendance aux armes américaines. À 800 000 £ l’unité et dix par mois, c’est un modèle de frappe en profondeur abordable et à grande échelle. Le signal stratégique : l’autonomie de défense européenne accélère — un virage d’approvisionnement pluriannuel."
2026-07-16,"Thursday, 16 July 2026",13,CANADA,RBC sees a ‘long road ahead’ for Canada’s housing recovery,BNN Bloomberg,bnnbloomberg.ca,https://www.bnnbloomberg.ca/business/real-estate/2026/07/16/long-road-ahead-in-canadas-housing-market-recovery-rbc-report/,"A stalling housing rebound — resales up just 0.5% and still 12% below trend — signals Canadian consumer confidence remains fragile under tariff and rate uncertainty. Housing is the transmission belt for household spending, so a weak recovery caps the broader economy. For the BoC, it is another reason the door to further cuts stays ajar even as inflation runs hot.",CANADA,RBC voit « un long chemin » avant la reprise du marché immobilier canadien,"Une reprise immobilière qui cale — reventes en hausse de seulement 0,5 % et encore 12 % sous la tendance — signale une confiance des consommateurs canadiens fragile sous l’incertitude des tarifs et des taux. Le logement est la courroie de transmission de la dépense des ménages : une reprise molle plafonne l’économie. Pour la Banque du Canada, une raison de plus de laisser la porte entrouverte à d’autres baisses malgré une inflation élevée."
2026-07-17,"Friday, 17 July 2026",1,HORMUZ,US strikes bridges and naval bases inside Iran to choke Hormuz supply routes,FDD Overnight Brief,fdd.org,https://www.fdd.org/overnight-brief/july-17-2026/,"Washington has moved from hitting Iran’s proxies to hitting Iran’s own logistics — a war-widening step that is far harder to walk back. Attacking internal supply lines signals a campaign aimed at capacity, not just deterrence, and puts every Hormuz cargo and every Gulf economy on notice that this escalates before it settles.",HORMUZ,Les États-Unis frappent ponts et bases navales en Iran pour asphyxier les routes d’Ormuz,"Washington est passé des frappes contre les mandataires de l’Iran aux frappes contre sa logistique même — une escalade bien plus difficile à inverser. Viser les lignes d’approvisionnement internes vise la capacité, non la seule dissuasion, et prévient chaque cargaison d’Ormuz et chaque économie du Golfe que cela s’aggrave avant de se calmer."
2026-07-17,"Friday, 17 July 2026",2,ENERGY,"Oil jumps again — WTI to $81, Brent to $85.56, up 13.4% on the week",The Street,thestreet.com,https://www.thestreet.com/stock-market-today/stock-market-today-dow-jones-sp-500-nasdaq-updates-july-17-2026,"A 13% move in five sessions is not a headline blip — it is the market pricing sustained disruption. The Hormuz premium is now structural, and importing economies lose the disinflation they had banked on. Treat these levels as a floor, not a spike, while Iran’s anti-shipping capability is intact.",ÉNERGIE,"Le pétrole rebondit — WTI à 81 $, Brent à 85,56 $, +13,4 % sur la semaine","Un bond de 13 % en cinq séances n’est pas une frayeur passagère — c’est le marché qui valorise une perturbation durable. La prime d’Ormuz est désormais structurelle, et les économies importatrices perdent la désinflation escomptée. Considérez ces niveaux comme un plancher, non un pic, tant que la capacité antinavire iranienne reste intacte."
2026-07-17,"Friday, 17 July 2026",3,HORMUZ,Iran orders the Houthis to ‘stand ready to close the Red Sea oil route’,FDD Overnight Brief,fdd.org,https://www.fdd.org/overnight-brief/july-17-2026/,Tehran is threatening a second chokepoint to deter strikes on its power grid. Closing Hormuz and Bab-el-Mandeb together would sever the two arteries of seaborne energy at once — a credible enough threat that it reprices tanker insurance and re-routing costs before a single ship is touched.,HORMUZ,L’Iran ordonne aux Houthis de « se tenir prêts à fermer la route pétrolière de la mer Rouge »,Téhéran menace un second point de passage pour dissuader des frappes sur son réseau électrique. Fermer Ormuz et Bab-el-Mandeb à la fois trancherait d’un coup les deux artères de l’énergie maritime — une menace assez crédible pour revaloriser l’assurance des pétroliers et les coûts de déroutage avant même qu’un navire soit touché.
2026-07-17,"Friday, 17 July 2026",4,GULF,Qatar thwarts an Iranian missile attack; a child is injured by interception shrapnel,FDD Overnight Brief,fdd.org,https://www.fdd.org/overnight-brief/july-17-2026/,"The war has reached the Gulf monarchies’ own soil. Doha — host to the largest US base in the region — is now a target, forcing every Gulf capital to choose in public between visible US alignment and quiet hedging. Neutrality just got more expensive than participation.",GOLFE,Le Qatar déjoue une attaque de missile iranienne; un enfant blessé par des éclats d’interception,"La guerre atteint le sol même des monarchies du Golfe. Doha — hôte de la plus grande base américaine de la région — est désormais une cible, forçant chaque capitale du Golfe à choisir publiquement entre l’alignement visible sur Washington et une couverture discrète. La neutralité coûte désormais plus cher que la participation."
2026-07-17,"Friday, 17 July 2026",5,NUCLEAR,"Trump threatens to strike ‘Pickaxe Mountain,’ Iran’s buried nuclear complex",FDD Overnight Brief,fdd.org,https://www.fdd.org/overnight-brief/july-17-2026/,"A strike on a deep-buried enrichment site would be the largest escalation of the war and the hardest to reverse. The threat alone narrows Tehran’s off-ramps and raises — not lowers — the odds of a dash for a weapon, the exact outcome it is meant to prevent.",NUCLÉAIRE,"Trump menace de frapper « Pickaxe Mountain », le complexe nucléaire souterrain iranien","Frapper un site d’enrichissement enterré serait la plus grande escalade de la guerre et la plus difficile à inverser. La menace seule réduit les portes de sortie de Téhéran et augmente — plutôt qu’elle ne diminue — le risque d’une course à l’arme, le résultat même qu’elle prétend empêcher."
2026-07-17,"Friday, 17 July 2026",6,MARKETS,"Global tech sell-off deepens: Nasdaq −1.4%, S&P 500 −1.0%, Dow −0.8%",The Street,thestreet.com,https://www.thestreet.com/stock-market-today/stock-market-today-dow-jones-sp-500-nasdaq-updates-july-17-2026,"Money is rotating out of growth and into energy as the Hormuz premium climbs. A tech-led index falling while oil rises is the market telling you where it thinks the next two quarters of risk actually live. Position for a longer risk-off, not a one-day dip.",MARCHÉS,"La liquidation technologique s’accentue : Nasdaq −1,4 %, S&P 500 −1,0 %, Dow −0,8 %","Les capitaux quittent la croissance pour l’énergie à mesure que la prime d’Ormuz grimpe. Un indice tiré par la tech qui baisse pendant que le pétrole monte, c’est le marché qui indique où loge vraiment le risque des deux prochains trimestres. Positionnez-vous pour une aversion au risque durable, non un creux d’une journée."
2026-07-17,"Friday, 17 July 2026",7,CHIPS,"Taiwan −6.5%, Nikkei −4% after TSMC unveils a $100B US investment",The Street,thestreet.com,https://www.thestreet.com/stock-market-today/stock-market-today-dow-jones-sp-500-nasdaq-updates-july-17-2026,"TSMC moving another $100B onshore is supply-chain de-risking from China and Taiwan happening in real time. Asian markets are repricing the slow migration of their crown-jewel industry’s center of gravity toward the United States — a structural shift, not a trading headline.",PUCES,"Taïwan −6,5 %, Nikkei −4 % après l’annonce d’un investissement de 100 G$ de TSMC aux États-Unis","TSMC déplaçant 100 G$ de plus vers les États-Unis, c’est la dérisquation de la chaîne d’approvisionnement hors de Chine et de Taïwan en temps réel. Les marchés asiatiques revalorisent la migration lente du centre de gravité de leur industrie phare vers les États-Unis — un basculement structurel, non une simple manchette."
2026-07-17,"Friday, 17 July 2026",8,CANADA,Carney secures a BC pipeline deal: 1M bpd from Alberta to the Pacific for Asian markets,Al Jazeera,aljazeera.com,https://www.aljazeera.com/economy/2026/7/3/canadas-carney-secures-deal-for-pipeline-to-expand-oil-exports-beyond-us,"This is the concrete move behind Carney’s pledge to double non-US exports in a decade. A west-coast artery to Asia is Canada finally pricing in that US market access is a political variable, not a birthright — and narrowing the discount it takes selling landlocked crude to a single buyer.",CANADA,Carney conclut un accord de pipeline en C.-B. : 1 M b/j de l’Alberta vers le Pacifique pour l’Asie,"Voici le geste concret derrière la promesse de Carney de doubler les exportations hors États-Unis en dix ans. Une artère vers l’Asie, c’est le Canada qui intègre enfin que l’accès au marché américain est une variable politique, non un acquis — et qui réduit le rabais imposé par la vente d’un brut enclavé à un seul acheteur."
2026-07-17,"Friday, 17 July 2026",9,TRADE,Trump administration proposes a new 10% tariff on Canada and other partners,BNN Bloomberg,bnnbloomberg.ca,https://www.bnnbloomberg.ca/tariffs/2026/06/03/trump-administration-proposes-new-10-per-cent-tariff-on-canada-and-other-countries/,"The ratchet continues. A blanket 10% turns the US border into a standing tax on Canadian output and validates every diversification dollar Ottawa is now spending. The signal to boards: model US market access as a cost that rises, and build the alternative before you need it.",COMMERCE,L’administration Trump propose un nouveau tarif de 10 % sur le Canada et d’autres partenaires,"Le cliquet continue. Un tarif général de 10 % transforme la frontière américaine en taxe permanente sur la production canadienne et justifie chaque dollar de diversification que dépense Ottawa. Message aux conseils : modélisez l’accès au marché américain comme un coût qui monte, et bâtissez l’alternative avant d’en avoir besoin."
2026-07-17,"Friday, 17 July 2026",10,UKRAINE,Ukraine names energy executive Sergii Koretskyi PM as a leadership rift opens,FDD Overnight Brief,fdd.org,https://www.fdd.org/overnight-brief/july-17-2026/,Installing an energy operator as prime minister signals the war’s next phase is about keeping the grid and the economy alive through winter. The bigger risk is the rift the reshuffle exposed — internal cracks widening precisely as Western attention drifts to the Gulf.,UKRAINE,L’Ukraine nomme le dirigeant énergétique Sergii Koretskyi PM sur fond de rupture au sommet,Nommer un opérateur énergétique premier ministre indique que la prochaine phase de la guerre vise à maintenir le réseau et l’économie en vie durant l’hiver. Le risque majeur est la fracture qu’a révélée le remaniement — des fissures internes qui s’élargissent au moment même où l’attention occidentale glisse vers le Golfe.
2026-07-17,"Friday, 17 July 2026",11,AI,29 countries sign a China-led ‘World AI Cooperation Organization’,FDD Overnight Brief,fdd.org,https://www.fdd.org/overnight-brief/july-17-2026/,"While Washington is consumed by the Gulf, Beijing is quietly writing the multilateral rules for AI. A China-anchored standards bloc is a durable soft-power win that outlasts any single crisis — governance captured now shapes the market for a decade.",IA,29 pays signent une « Organisation mondiale de coopération en IA » menée par la Chine,"Pendant que Washington est absorbé par le Golfe, Pékin rédige discrètement les règles multilatérales de l’IA. Un bloc de normes ancré en Chine est un gain d’influence durable qui survit à toute crise ponctuelle — la gouvernance captée aujourd’hui façonne le marché pour une décennie."
2026-07-17,"Friday, 17 July 2026",12,MARKETS,"Apple reclaims the world’s most valuable company (~$4.9T), passing Nvidia",The Street,thestreet.com,https://www.thestreet.com/stock-market-today/stock-market-today-dow-jones-sp-500-nasdaq-updates-july-17-2026,"The flip from the AI-hardware champion back to the consumer-ecosystem giant is the market hedging the AI trade. When the pick-and-shovel leader cedes the top spot, sentiment on the buildout is cooling — watch the whole AI-capex complex for the follow-through.",MARCHÉS,"Apple redevient l’entreprise la plus valorisée au monde (~4,9 T$), devançant Nvidia","Le basculement du champion du matériel IA vers le géant de l’écosystème grand public, c’est le marché qui couvre le pari sur l’IA. Quand le leader des « pioches et pelles » cède la première place, l’enthousiasme pour la construction se refroidit — surveillez tout le complexe des dépenses en IA."
2026-07-17,"Friday, 17 July 2026",13,M&A,Uber to acquire Delivery Hero for $14.8 billion,The Street,thestreet.com,https://www.thestreet.com/stock-market-today/stock-market-today-dow-jones-sp-500-nasdaq-updates-july-17-2026,"Consolidation in delivery marks the end of growth-at-all-costs and the start of scale-for-margin. A deal this size clearing in a risk-off tape tells you strategic buyers see a bottom in the sector — and that the survivors intend to own the category, not compete in it.",F&A,"Uber va acquérir Delivery Hero pour 14,8 milliards $","La consolidation dans la livraison marque la fin de la croissance à tout prix et le début de l’échelle pour la marge. Une transaction de cette taille qui aboutit dans un marché averse au risque indique que les acheteurs stratégiques voient un creux — et que les survivants comptent posséder le secteur, non y rivaliser."
2026-07-17,"Friday, 17 July 2026",14,CONSUMER,Netflix slides ~10% on weak Q3 guidance,The Street,thestreet.com,https://www.thestreet.com/stock-market-today/stock-market-today-dow-jones-sp-500-nasdaq-updates-july-17-2026,"The streaming leader missing on forward growth is a consumer-spending tell. When the most defensive subscription name guides down, the discretionary-wallet squeeze is real and spreading — a warning for every business that bills a household monthly.",CONSOMMATION,Netflix chute d’environ 10 % sur des prévisions faibles au T3,"Le chef de file du streaming qui rate sur la croissance future est un signal sur les dépenses des ménages. Quand le nom d’abonnement le plus défensif abaisse ses prévisions, la pression sur le portefeuille discrétionnaire est réelle et se propage — un avertissement pour toute entreprise qui facture un ménage chaque mois."
2026-07-17,"Friday, 17 July 2026",15,DEFENSE,Israel to produce JDAM precision-bomb kits domestically within two years,FDD Overnight Brief,fdd.org,https://www.fdd.org/overnight-brief/july-17-2026/,"Onshoring munitions is Israel reading the same lesson everyone is: dependence on a single supplier is a strategic vulnerability, even when the supplier is Washington. Expect more allies to quietly re-shore the last mile of their arsenals.",DÉFENSE,Israël produira des kits de bombes de précision JDAM sur son sol d’ici deux ans,"Rapatrier la production de munitions, c’est Israël qui tire la même leçon que tous : dépendre d’un fournisseur unique est une vulnérabilité stratégique, même quand ce fournisseur est Washington. Attendez-vous à ce que d’autres alliés relocalisent discrètement le dernier maillon de leurs arsenaux."
2026-07-17,"Friday, 17 July 2026",16,ENERGY,Chevron to sign preliminary deals for two Iraqi oil fields and a pipeline to Syria’s coast,FDD Overnight Brief,fdd.org,https://www.fdd.org/overnight-brief/july-17-2026/,A Western major deepening in Iraq and eyeing a Mediterranean outlet is a bet on routing Gulf crude around Hormuz. The smart money is already building the bypass — infrastructure that outlives the current war and reshapes who controls Middle East export flows.,ÉNERGIE,Chevron s’apprête à signer pour deux champs pétroliers irakiens et un pipeline vers la côte syrienne,Un grand pétrolier occidental qui s’enracine en Irak et lorgne un débouché méditerranéen parie sur le contournement d’Ormuz. L’argent avisé bâtit déjà la déviation — une infrastructure qui survivra à la guerre actuelle et redéfinira qui contrôle les flux d’exportation du Moyen-Orient.
2026-07-17,"Friday, 17 July 2026",17,SYRIA,"Post-Assad Syria seizes Iranian weapons bound for Hezbollah, hidden in a tanker from Iraq",FDD Overnight Brief,fdd.org,https://www.fdd.org/overnight-brief/july-17-2026/,Damascus interdicting Iran’s arms pipeline to Hezbollah is a structural blow to Tehran’s regional reach. The land bridge to Lebanon is closing — degrading the deterrent Iran has spent two decades building on Israel’s northern border.,SYRIE,"La Syrie post-Assad saisit des armes iraniennes destinées au Hezbollah, cachées dans un camion-citerne d’Irak",Damas interceptant le pipeline d’armes iranien vers le Hezbollah porte un coup structurel à la portée régionale de Téhéran. Le pont terrestre vers le Liban se referme — érodant la dissuasion que l’Iran a bâtie en deux décennies à la frontière nord d’Israël.
2026-07-17,"Friday, 17 July 2026",18,SPACE,SpaceX Starship launch aborts on engine failures; shares −3.1%,The Street,thestreet.com,https://www.thestreet.com/stock-market-today/stock-market-today-dow-jones-sp-500-nasdaq-updates-july-17-2026,"A high-profile abort dents the launch-cadence story the whole commercial-space thesis rests on. Timelines for heavy-lift dependence — including defense and satellite payloads — just got longer, and every program riding on Starship inherits the slip.",ESPACE,"Le lancement de Starship de SpaceX avorte sur des défaillances moteur; le titre recule de 3,1 %","Un abandon très médiatisé écorne le récit de cadence de lancement sur lequel repose toute la thèse du spatial commercial. Les échéances de la dépendance au lanceur lourd — y compris les charges de défense et satellites — s’allongent, et chaque programme adossé à Starship hérite du retard."
2026-07-17,"Friday, 17 July 2026",19,AI,Meta reported in a ~$10B compute deal with Anthropic,The Street,thestreet.com,https://www.thestreet.com/stock-market-today/stock-market-today-dow-jones-sp-500-nasdaq-updates-july-17-2026,"A hyperscaler buying capacity from a rival lab is the buildout eating itself. The scarce input is no longer chips or capital but usable, safe compute at scale — and when the biggest players rent from competitors, the supply crunch is worse than the headlines admit.",IA,Meta serait en pourparlers pour un accord de calcul d’environ 10 G$ avec Anthropic,"Un hyperscaler qui achète de la capacité à un laboratoire rival, c’est la construction qui se dévore elle-même. L’intrant rare n’est plus les puces ni le capital, mais le calcul exploitable et sûr à grande échelle — et quand les plus grands louent à leurs concurrents, la pénurie est pire que ne l’admettent les manchettes."
2026-07-17,"Friday, 17 July 2026",20,US DATA,US consumer sentiment jumps to 54.4 (+10% MoM); import prices tick up 0.3%,The Street,thestreet.com,https://www.thestreet.com/stock-market-today/stock-market-today-dow-jones-sp-500-nasdaq-updates-july-17-2026,"Sentiment rising into an oil shock is the calm-before pattern. If Hormuz stays hot, this is likely the last upbeat print before the energy pass-through shows up in the hard inflation data — enjoy it, then hedge against it.",DONNÉES É.-U.,"La confiance des consommateurs américains bondit à 54,4 (+10 % sur un mois); les prix à l’import montent de 0,3 %","Une confiance qui monte à l’aube d’un choc pétrolier, c’est le schéma du calme avant la tempête. Si Ormuz reste brûlant, c’est probablement la dernière lecture positive avant que la répercussion énergétique n’apparaisse dans les données d’inflation — profitez-en, puis couvrez-vous."
2026-07-17,"Friday, 17 July 2026",21,SANCTIONS,UK sanctions 11 entities fueling Sudan’s war through gold and finance,FDD Overnight Brief,fdd.org,https://www.fdd.org/overnight-brief/july-17-2026/,Targeting the gold-and-money plumbing rather than the combatants is the only sanctions lever that bites in a war financed off-grid. Whether it changes anything depends entirely on Gulf enforcement — the demand side of the gold trade sits in the same neighborhood as the fighting.,SANCTIONS,Le Royaume-Uni sanctionne 11 entités qui alimentent la guerre au Soudan via l’or et la finance,Viser la plomberie de l’or et de l’argent plutôt que les combattants est le seul levier de sanctions qui mord dans une guerre financée hors des circuits. Son efficacité dépend entièrement de l’application dans le Golfe — la demande d’or se trouve dans le même voisinage que les combats.
2026-07-17,"Friday, 17 July 2026",22,RUSSIA,CIA’s Ratcliffe: Russian front-line recruits survive an estimated 20–30 minutes,FDD Overnight Brief,fdd.org,https://www.fdd.org/overnight-brief/july-17-2026/,"A casualty rate this brutal measures both Russian manpower attrition and Moscow’s tolerance for loss — which still exceeds the West’s tolerance for a long war. The grim math is why Kyiv’s leadership stability, not Russian morale, is the variable to watch.",RUSSIE,Ratcliffe (CIA) : les recrues russes survivent environ 20 à 30 minutes au front,"Un taux de pertes aussi brutal mesure à la fois l’attrition de la main-d’œuvre russe et la tolérance de Moscou pour les pertes — qui dépasse encore la tolérance de l’Occident pour une guerre longue. C’est ce calcul sinistre qui fait de la stabilité du pouvoir à Kyiv, et non du moral russe, la variable à surveiller."
2026-07-18,"Saturday, 18 July 2026",1,SECURITY,An Iranian missile attack on a Jordan air base kills two US troops,Stars and Stripes,stripes.com,https://www.stripes.com/theaters/middle_east/2026-07-18/iran-attack-2-americans-kia-22299945.html,"The first US combat deaths of the war change its domestic politics overnight — this is the moment public pressure to escalate or exit takes over from strategy. With 16 US fatalities and 400+ wounded since February, the human cost is now a headline number Washington cannot manage away. Watch Congress and the war-powers debate that American deaths always trigger.",SÉCURITÉ,Une attaque de missile iranienne sur une base aérienne en Jordanie tue deux militaires américains,"Les premières morts américaines au combat de la guerre en bouleversent la politique intérieure du jour au lendemain — c’est le moment où la pression publique à escalader ou à sortir prend le pas sur la stratégie. Avec 16 morts et plus de 400 blessés américains depuis février, le coût humain est un chiffre en manchette que Washington ne peut plus gérer discrètement. Surveillez le Congrès et le débat sur les pouvoirs de guerre que déclenchent toujours des pertes américaines."
2026-07-18,"Saturday, 18 July 2026",2,DEFENSE,US launches fresh airstrikes on Iran hours after its troops are killed in Jordan,Al Jazeera,aljazeera.com,https://www.aljazeera.com/news/liveblog/2026/7/18/iran-war-live-us-and-iran-exchange-attacks-for-7th-consecutive-night,An immediate retaliatory wave shows Washington has locked into a strike-for-strike cycle with no pause mechanism left. Each exchange now raises the floor of the conflict rather than seeking an exit. The absence of an off-ramp is itself the story — plan for escalation as the base case.,DÉFENSE,Les États-Unis lancent de nouvelles frappes sur l’Iran quelques heures après la mort de leurs soldats en Jordanie,Une vague de représailles immédiate montre que Washington s’est enfermé dans un cycle coup pour coup sans mécanisme de pause. Chaque échange relève désormais le plancher du conflit au lieu de chercher une sortie. L’absence d’issue est en soi l’information — anticipez l’escalade comme scénario de base.
2026-07-18,"Saturday, 18 July 2026",3,OIL,"Oil surges over 3% as Hormuz shipping seizes up — WTI $81, Brent $87",TradingKey,tradingkey.com,https://www.tradingkey.com/analysis/commodities/oil/262038058-us-iran-conflict-oil-prices-surge-hormuz-tradingkey,"With crossings down and shippers rerouting, the price is now driven by logistics — freight and insurance — not inventories, which makes the spike stickier. When the constraint is physical passage rather than barrels in the ground, prices stay elevated until the Strait clears. Budget for sustained energy costs, not a quick mean-reversion.",PÉTROLE,"Le pétrole bondit de plus de 3 % alors que le trafic d’Ormuz se bloque — WTI 81 $, Brent 87 $","Avec des transits en baisse et des armateurs qui dévient, le prix est désormais dicté par la logistique — fret et assurance — non par les stocks, ce qui rend la flambée plus tenace. Quand la contrainte est le passage physique et non les barils en terre, les prix restent élevés jusqu’à ce que le détroit se dégage. Budgétez des coûts énergétiques durables, non un retour rapide à la moyenne."
2026-07-18,"Saturday, 18 July 2026",4,GEOPOLITICS,"US and Iran blow past red lines, striking each other’s infrastructure",NPR,npr.org,https://www.npr.org/2026/07/18/nx-s1-5898916/us-iran-escalate-strikes,Both sides now hitting power grids and ports means the war has crossed from military targets to the systems civilians and economies depend on. Iran effectively closing Hormuz — vessel traffic down to eight ships — is the escalation that reprices global energy. This is the threshold past which the conflict’s economic damage compounds fast.,GÉOPOLITIQUE,Les États-Unis et l’Iran franchissent les lignes rouges en frappant leurs infrastructures,"Les deux camps frappant désormais réseaux électriques et ports, la guerre est passée des cibles militaires aux systèmes dont dépendent civils et économies. Un Iran qui ferme de fait Ormuz — trafic tombé à huit navires — est l’escalade qui revalorise l’énergie mondiale. C’est le seuil au-delà duquel les dégâts économiques du conflit s’aggravent vite."
2026-07-18,"Saturday, 18 July 2026",5,ENERGY,An Iranian strike damages a Kuwaiti power and water desalination plant,Al Arabiya,alarabiya.net,https://english.alarabiya.net/News/gulf/2026/07/17/kuwait-says-iranian-attack-damages-electrical-desalination-power-plant-ministry,"Hitting a Gulf state’s water and power is a major widening — Iran is now punishing the monarchies hosting US forces, not just fighting the US. In desert economies, striking desalination is an attack on survival infrastructure, raising the stakes for every Gulf capital. Expect the GCC to be forced off the fence toward visible alignment or urgent de-escalation.",ÉNERGIE,Une frappe iranienne endommage une centrale électrique et de dessalement au Koweït,"Frapper l’eau et l’électricité d’un État du Golfe est un élargissement majeur — l’Iran punit désormais les monarchies qui hébergent les forces américaines, non plus seulement les États-Unis. Dans des économies désertiques, viser le dessalement est une attaque contre l’infrastructure de survie, ce qui élève l’enjeu pour chaque capitale du Golfe. Attendez-vous à ce que le CCG soit contraint de sortir de sa neutralité — alignement visible ou désescalade urgente."
2026-07-18,"Saturday, 18 July 2026",6,DEFENSE,US to send dozens more aerial refueling planes to Israel,Axios,axios.com,https://www.axios.com/2026/07/17/trump-iran-israel-refueling-planes,"Surging tankers into Israel is the logistical tell that a larger air campaign — potentially deep strikes on Iran — is being prepared, not wound down. Refueling capacity is the enabler of sustained long-range operations, so this is a leading indicator of intent. Read the hardware, not the rhetoric: it points to expansion.",DÉFENSE,Les États-Unis enverront des dizaines d’avions ravitailleurs supplémentaires à Israël,"Faire affluer des ravitailleurs vers Israël est le signe logistique qu’une campagne aérienne plus vaste — potentiellement des frappes en profondeur sur l’Iran — se prépare, et ne s’éteint pas. La capacité de ravitaillement conditionne des opérations soutenues à longue portée : c’est un indicateur avancé d’intention. Lisez le matériel, non la rhétorique : il pointe vers l’expansion."
2026-07-18,"Saturday, 18 July 2026",7,SECURITY,Iran fires missiles across the Gulf as the IRGC claims it halted ships in Hormuz,The Times of Israel,timesofisrael.com,https://www.timesofisrael.com/liveblog-july-18-2026/,"Iran striking Jordan, Kuwait, Bahrain and Saudi Arabia at once is a deliberate widening meant to make neutrality impossible for US partners. The IRGC’s mining claim — disputed by CENTCOM — matters because the mere perception of mines freezes shipping and insurance. In this phase, information and threat are weapons as potent as the missiles.",SÉCURITÉ,L’Iran tire des missiles à travers le Golfe; les Gardiens affirment avoir stoppé des navires à Ormuz,"L’Iran frappant à la fois la Jordanie, le Koweït, Bahreïn et l’Arabie saoudite est un élargissement délibéré destiné à rendre la neutralité impossible pour les partenaires américains. La revendication de minage des Gardiens — contestée par le CENTCOM — compte car la seule perception de mines gèle le transport et l’assurance. À ce stade, l’information et la menace sont des armes aussi puissantes que les missiles."
2026-07-18,"Saturday, 18 July 2026",8,DIPLOMACY,UN chief urges a new diplomatic push after strikes on civilian sites,UN News,un.org,https://news.un.org/en/story/2026/07/1167973,"The Secretary-General’s ‘no military solution’ line marks how far the war has outrun diplomacy — the institutions built to stop this have no leverage left. His call matters mainly as a marker that international mediation is absent, leaving the US and Iran to escalate unchecked. Do not expect multilateral guardrails to contain this.",DIPLOMATIE,Le chef de l’ONU appelle à une nouvelle initiative diplomatique après des frappes sur des sites civils,"La formule « pas de solution militaire » du Secrétaire général mesure à quel point la guerre a devancé la diplomatie — les institutions conçues pour l’arrêter n’ont plus de levier. Son appel compte surtout comme le constat d’une médiation internationale absente, laissant les États-Unis et l’Iran escalader sans frein. N’attendez pas de garde-fous multilatéraux pour contenir cela."
2026-07-18,"Saturday, 18 July 2026",9,CANADA,Trump threatens Canada with tariffs over cross-border wildfire smoke,NPR,npr.org,https://www.npr.org/2026/07/18/nx-s1-5899009/us-canada-wildfire-smoke,"Turning wildfire smoke into a tariff threat shows how any pretext now serves the US–Canada trade fight — the pressure on Ottawa is constant and improvised. For Canadian exporters, the lesson is that tariff risk is no longer tied to trade policy alone; it can attach to anything. That unpredictability is itself the cost, and it argues for accelerating buyer diversification.",CANADA,Trump menace le Canada de tarifs à cause de la fumée transfrontalière des incendies,"Transformer la fumée des incendies en menace tarifaire montre que n’importe quel prétexte sert désormais le bras de fer commercial Canada–États-Unis — la pression sur Ottawa est constante et improvisée. Pour les exportateurs canadiens, la leçon : le risque tarifaire n’est plus lié à la seule politique commerciale, il peut s’accrocher à tout. Cette imprévisibilité est en soi le coût, et plaide pour accélérer la diversification des acheteurs."
2026-07-18,"Saturday, 18 July 2026",10,AI,"China’s Moonshot releases Kimi K3, the largest open-weight AI model yet",Tom's Hardware,tomshardware.com,https://www.tomshardware.com/tech-industry/artificial-intelligence/moonshot-releases-2-8-trillion-parameter-kimi-k3,"A 2.8-trillion-parameter open model that reportedly tops a leading US system on coding shows China closing the AI gap despite chip export controls. Open weights matter because they let anyone build on it, eroding the US labs’ moat. For anyone building an AI stack, the frontier is now genuinely multipolar — do not assume US models stay ahead by default.",IA,"Le chinois Moonshot lance Kimi K3, le plus grand modèle d’IA à poids ouverts à ce jour","Un modèle ouvert de 2 800 milliards de paramètres qui surpasserait un grand système américain en programmation montre la Chine réduisant l’écart d’IA malgré les contrôles à l’exportation de puces. Les poids ouverts comptent car ils permettent à quiconque de bâtir dessus, érodant l’avantage des laboratoires américains. Pour quiconque conçoit une pile d’IA, la frontière est désormais vraiment multipolaire — ne présumez pas que les modèles américains restent devant par défaut."
2026-07-18,"Saturday, 18 July 2026",11,M&A,"Dealmaking heats up: Blackstone’s $5.34B Williams power bet, Men’s Wearhouse eyes an IPO",Axios,axios.com,https://www.axios.com/pro/merger-deals/2026/07/18/july-2026-deals-blackstone-williams-mens-warehouse,"A wave of deals led by private capital pouring into power generation confirms the real AI bottleneck has moved downstream to electricity. When Blackstone, Apollo and KKR co-fund gas-fired power for data centers, they are pricing years of structural demand for electrons. The durable AI trade increasingly looks like energy infrastructure, not model makers.",F&A,"Les fusions s’animent : pari électrique de 5,34 G$ de Blackstone sur Williams, Men’s Wearhouse vise la Bourse","Une vague d’opérations menée par le capital privé se déversant dans la production d’électricité confirme que le vrai goulot d’étranglement de l’IA s’est déplacé vers l’aval, l’électricité. Quand Blackstone, Apollo et KKR cofinancent de l’électricité au gaz pour centres de données, ils valorisent des années de demande structurelle d’électrons. Le pari IA durable ressemble de plus en plus à l’infrastructure énergétique, non aux concepteurs de modèles."
2026-07-19,"Sunday, 19 July 2026",1,SECURITY,US launches a ninth straight night of strikes on Iran as the US death toll reaches 17,Critical Threats,criticalthreats.org,https://www.criticalthreats.org/analysis/iran-update-evening-special-report-july-19-2026,"Nine nights of strikes with a climbing American death toll is a sustained war of attrition, not a punitive operation — and the recovered remains of a missing soldier make the cost tangible at home. The campaign is now aimed at degrading Iran’s ability to threaten Hormuz shipping, a goal measured in weeks. Price a prolonged conflict; the quick-resolution scenario is gone.",SÉCURITÉ,Les États-Unis lancent une neuvième nuit consécutive de frappes sur l’Iran; le bilan américain atteint 17 morts,"Neuf nuits de frappes avec un bilan américain qui s’alourdit est une guerre d’usure soutenue, non une opération punitive — et la dépouille retrouvée d’un soldat disparu rend le coût tangible au pays. La campagne vise désormais à dégrader la capacité de l’Iran à menacer le trafic d’Ormuz, un objectif qui se compte en semaines. Valorisez un conflit prolongé ; le scénario d’une résolution rapide a disparu."
2026-07-19,"Sunday, 19 July 2026",2,OIL,Oil tops $90 as Middle East fighting escalates and US gas nears $4,Axios,axios.com,https://www.axios.com/2026/07/19/oil-prices-90-middle-east-fighting-gas-prices,"Brent above $90 with pump prices about to cross $4 turns the war into a kitchen-table issue and a central-bank problem at once. Energy-driven inflation is now the base case, squeezing consumers and boxing in the Fed just as it hoped to ease. This is the number that converts a distant conflict into domestic economic pain.",PÉTROLE,Le pétrole dépasse 90 $ avec l’escalade au Moyen-Orient; l’essence américaine frôle 4 $,"Un Brent au-dessus de 90 $ et une essence sur le point de franchir 4 $ transforment la guerre en enjeu de pouvoir d’achat et en problème de banque centrale à la fois. L’inflation tirée par l’énergie est désormais le scénario de base, pressant les consommateurs et enfermant la Fed au moment où elle espérait assouplir. C’est le chiffre qui convertit un conflit lointain en douleur économique intérieure."
2026-07-19,"Sunday, 19 July 2026",3,SECURITY,CENTCOM confirms two US service members killed in an Iranian strike in Jordan,Al Jazeera,aljazeera.com,https://www.aljazeera.com/news/2026/7/18/us-military-says-two-service-members-killed-in-iranian-strike-in-jordan,The first confirmed US combat deaths since the memorandum collapsed are the event most likely to force Washington’s hand toward either escalation or exit. American casualties reshape the domestic politics of the war far more than any strike inside Iran. This is the political inflection point to watch.,SÉCURITÉ,Le CENTCOM confirme la mort de deux militaires américains dans une frappe iranienne en Jordanie,Les premières morts américaines au combat confirmées depuis l’effondrement du mémorandum sont l’événement le plus susceptible de forcer la main de Washington — escalade ou sortie. Des pertes américaines redessinent la politique intérieure de la guerre bien plus que toute frappe en Iran. C’est le point d’inflexion politique à surveiller.
2026-07-19,"Sunday, 19 July 2026",4,GEOPOLITICS,Russia launches its largest ballistic missile attack on Kyiv of the war,Al Jazeera,aljazeera.com,https://www.aljazeera.com/news/2026/7/19/russia-launches-largest-ballistic-missile-attack-on-kyiv-since-start-of-war,Forty-one ballistic missiles with barely half intercepted shows Kyiv’s Patriot stocks running thin as US munitions are pulled toward the Gulf. Moscow is testing whether it can overwhelm Ukrainian defenses while Washington is distracted by Iran. The two wars now compete for the same finite interceptors — that scarcity is the variable to watch.,GÉOPOLITIQUE,La Russie lance sa plus vaste attaque de missiles balistiques sur Kyiv depuis le début de la guerre,Quarante et un missiles balistiques dont à peine la moitié interceptés montrent des stocks de Patriot de Kyiv qui s’amenuisent tandis que les munitions américaines sont happées par le Golfe. Moscou teste sa capacité à saturer les défenses ukrainiennes pendant que Washington est distrait par l’Iran. Les deux guerres se disputent désormais les mêmes intercepteurs en nombre fini — cette rareté est la variable à surveiller.
2026-07-19,"Sunday, 19 July 2026",5,SECURITY,US strikes damage Iran’s Darkhovin nuclear plant as Iran hits Gulf bases,Critical Threats,criticalthreats.org,https://www.criticalthreats.org/analysis/iran-update-evening-special-report-july-19-2026,Hitting a nuclear power site is the war’s most dangerous threshold yet — the radiological and escalatory risks dwarf a conventional strike. Iran answering with missiles at US bases in Kuwait keeps the retaliation spiral turning with no ceiling in view. Nuclear infrastructure entering the target set is the development that should most alarm decision-makers.,SÉCURITÉ,Des frappes américaines endommagent la centrale nucléaire iranienne de Darkhovin; l’Iran frappe des bases du Golfe,Frapper un site nucléaire est le seuil le plus dangereux de la guerre à ce jour — les risques radiologiques et d’escalade éclipsent ceux d’une frappe conventionnelle. L’Iran répliquant par des missiles sur des bases américaines au Koweït maintient la spirale de représailles sans plafond en vue. L’entrée de l’infrastructure nucléaire dans la liste des cibles est le développement qui devrait le plus alarmer les décideurs.
2026-07-19,"Sunday, 19 July 2026",6,ENERGY,LNG shipments through the Strait of Hormuz grind to a halt,OilPrice,oilprice.com,https://oilprice.com/Latest-Energy-News/World-News/LNG-Shipments-Through-Strait-of-Hormuz-Grind-to-a-Halt-as-Conflict-Escalates.html,"With no LNG carrier transiting Hormuz and Asian spot prices up 25% in a month, the gas market is now more exposed than oil heading into winter. Europe’s cheapest hedge is frozen just as heating season approaches — a supply squeeze being written now for delivery in the cold months. If you touch gas, lock supply before the winter premium fully forms.",ÉNERGIE,Les expéditions de GNL par le détroit d’Ormuz s’arrêtent net,"Aucun méthanier ne transitant par Ormuz et les prix spot asiatiques en hausse de 25 % en un mois, le marché gazier est désormais plus exposé que le pétrole à l’approche de l’hiver. La couverture la moins chère de l’Europe est gelée juste avant la saison de chauffe — une pénurie qui s’écrit maintenant pour livraison dans les mois froids. Si vous touchez au gaz, sécurisez l’approvisionnement avant que la prime hivernale ne se forme pleinement."
2026-07-19,"Sunday, 19 July 2026",7,DEFENSE,Zelensky pleads for interceptors after the record Kyiv barrage,The Moscow Times,themoscowtimes.com,https://www.themoscowtimes.com/2026/07/19/russia-hits-ukraine-with-largest-number-of-ballistic-missiles-kyiv-says-a93281,"Kyiv publicly begging for interceptors ‘every day’ exposes the war’s true bottleneck: air-defense munitions, not manpower or will. With a US Patriot production deal not delivering until year-end, Ukraine faces months of vulnerability while Iran competes for the same output. The interceptor supply line is now the single most decision-relevant number in both wars.",DÉFENSE,Zelensky implore des intercepteurs après le bombardement record de Kyiv,"Kyiv qui réclame publiquement des intercepteurs « chaque jour » révèle le vrai goulot d’étranglement de la guerre : les munitions de défense aérienne, non les effectifs ou la volonté. Avec un accord de production de Patriot américain qui ne livrera pas avant la fin de l’année, l’Ukraine affronte des mois de vulnérabilité pendant que l’Iran se dispute la même production. La chaîne d’approvisionnement en intercepteurs est désormais le chiffre le plus déterminant des deux guerres."
2026-07-19,"Sunday, 19 July 2026",8,DIPLOMACY,Lebanon’s Aoun meets Rubio in Washington ahead of talks with Trump,Al Jazeera,aljazeera.com,https://www.aljazeera.com/news/2026/7/19/lebanons-president-joseph-aoun-meets-rubio-ahead-of-trump-talks,"The first Lebanese presidential visit to Washington in years reflects a US bet that a weakened Iran makes Hezbollah disarmable at last. If Aoun’s plan advances, it removes one of Tehran’s last functioning deterrents just as it fights the US directly. This quiet diplomatic track could reshape the region long after the headline strikes fade.",DIPLOMATIE,Le Libanais Aoun rencontre Rubio à Washington avant des entretiens avec Trump,"La première visite d’un président libanais à Washington depuis des années traduit un pari américain : un Iran affaibli rend enfin le Hezbollah désarmable. Si le plan d’Aoun avance, il prive Téhéran de l’un de ses derniers moyens de dissuasion réels au moment où il affronte directement les États-Unis. Ce canal diplomatique discret pourrait remodeler la région bien après l’extinction des frappes en manchette."
2026-07-19,"Sunday, 19 July 2026",9,MARKETS,Nasdaq drops 2.9% on the week as the chip trade cools and energy leads,TS2,ts2.tech,https://ts2.tech/en/us-stock-market-weekly-nasdaq-falls-small-caps-hold-2026-advantage/,"A tech-led index falling while energy is the only sector to gain is a textbook war-driven rotation out of growth and into hard assets. With the chip index off 18% on the month, the market is repricing how much of the AI premium can survive an energy shock. Position for leadership to keep shifting from silicon toward oil, defense and cash.",MARCHÉS,"Le Nasdaq perd 2,9 % sur la semaine, le pari des puces refroidit et l’énergie mène","Un indice tiré par la tech qui recule pendant que l’énergie est le seul secteur en hausse est une rotation de manuel, provoquée par la guerre, de la croissance vers les actifs tangibles. Avec l’indice des puces en baisse de 18 % sur le mois, le marché revalorise la part de la prime IA qui peut survivre à un choc énergétique. Positionnez-vous pour un leadership qui continue de glisser du silicium vers le pétrole, la défense et les liquidités."
2026-07-19,"Sunday, 19 July 2026",10,MARKETS,"Alphabet, Tesla and Intel headline a heavy Big Tech earnings week ahead",Yahoo Finance,finance.yahoo.com,https://finance.yahoo.com/markets/stocks/articles/expect-markets-week-alphabet-tesla-110000980.html,"A megacap-heavy earnings slate lands into a jittery, war-rattled tape where beats are being sold and misses punished hard. These reports will test whether the AI-capex story can still lift stocks priced for perfection, or whether the rotation out of tech accelerates. This is the week that decides if the selloff was a wobble or a turn.",MARCHÉS,"Alphabet, Tesla et Intel dominent une lourde semaine de résultats technologiques","Un calendrier de résultats dominé par les géants tombe dans un marché nerveux, secoué par la guerre, où les dépassements sont vendus et les ratés lourdement sanctionnés. Ces publications testeront si le récit d’investissement en IA peut encore soulever des titres valorisés à la perfection, ou si la rotation hors de la tech s’accélère. C’est la semaine qui décidera si le repli n’était qu’un soubresaut ou un renversement."
2026-07-20,"Monday, 20 July 2026",1,SECURITY,US launches a ninth night of strikes on Iran as American troop deaths reach 17,Al Jazeera,aljazeera.com,https://www.aljazeera.com/news/liveblog/2026/7/19/iran-war-live-us-launches-new-strikes-trump-mourns-killed-soldiers,"Nine nights in, this is no longer a punitive raid — it is a sustained air campaign with a rising American body count and no visible off-ramp. CENTCOM is now hitting air defences, coastal radar and missile sites, meaning the target set is widening toward regime capacity itself. Plan for a conflict measured in weeks, not days, and price every Gulf-exposed position accordingly.",SÉCURITÉ,Les États-Unis lancent une neuvième nuit de frappes sur l’Iran; 17 militaires américains tués,"Après neuf nuits, ce n’est plus un raid punitif — c’est une campagne aérienne soutenue, au bilan américain qui s’alourdit et sans issue visible. Le CENTCOM frappe désormais défenses antiaériennes, radars côtiers et sites de missiles : la liste des cibles s’élargit vers la capacité même du régime. Anticipez un conflit qui se compte en semaines, non en jours, et valorisez en conséquence toute position exposée au Golfe."
2026-07-20,"Monday, 20 July 2026",2,OIL,Brent tops $90 as the US–Iran war escalates; US pump prices near $4,Axios,axios.com,https://www.axios.com/2026/07/19/oil-prices-90-middle-east-fighting-gas-prices,"Brent at $90.88 is up nearly a third from its early-July low, and the US pump average is about to cross the politically radioactive $4 line. That combination hands central banks an inflation problem exactly as they hoped to ease, and hands incumbents a pocketbook problem into an election year. Treat energy-driven inflation as the base case now, not the tail risk.",PÉTROLE,Le Brent dépasse 90 $ avec l’escalade de la guerre; l’essence américaine frôle 4 $,"À 90,88 $, le Brent a bondi de près d’un tiers depuis son creux de début juillet, et le prix moyen à la pompe s’apprête à franchir la barre politiquement explosive des 4 $. Cette combinaison impose aux banques centrales un problème d’inflation au moment même où elles espéraient assouplir, et aux sortants un problème de pouvoir d’achat en année électorale. L’inflation tirée par l’énergie devient le scénario de base, non plus le risque extrême."
2026-07-20,"Monday, 20 July 2026",3,SECURITY,"CENTCOM: two US service members killed, one missing in an Iranian strike on a Jordan base",Fox News,foxnews.com,https://www.foxnews.com/politics/two-us-service-members-killed-iranian-strikes-jordan-centcom-says,American combat deaths change the domestic politics of this war more than any strike on Iranian soil does. Each flag-draped coffin pushes Washington to either escalate decisively or find an exit — the ambiguous middle becomes impossible to hold. Watch Congress: this is the point where war-powers and authorisation fights usually begin.,SÉCURITÉ,"CENTCOM : deux militaires américains tués, un disparu lors d’une frappe iranienne en Jordanie","Des morts au combat américaines bouleversent la politique intérieure de cette guerre bien plus que n’importe quelle frappe en territoire iranien. Chaque cercueil pousse Washington à soit escalader franchement, soit trouver une sortie — l’entre-deux ambigu devient intenable. Surveillez le Congrès : c’est là que s’ouvrent d’ordinaire les batailles sur les pouvoirs de guerre."
2026-07-20,"Monday, 20 July 2026",4,MARKETS,"Futures rise to start the week as Trump says Iran is ‘very, very badly damaged’",Benzinga,benzinga.com,https://www.benzinga.com/markets/equities/26/07/60545662/stock-market-today-sp-500-dow-jones-futures-gain-as-trump-says-iran-is-very-very-badly-damaged-eva-live-rtx-synopsys-in-focus,"Equity futures opened the week higher — Dow +0.17%, S&P +0.22%, Nasdaq-100 +0.37% — as traders bet the war is closer to its peak than its start, and FedWatch now prices an 87.7% chance of a July hold. RTX rose on NATO’s new $40B counter-drone push, a tell that defence is the durable trade here. The market is buying the ‘contained war’ narrative; that thesis breaks the moment Hormuz actually closes.",MARCHÉS,Les contrats à terme montent en début de semaine; Trump dit l’Iran « très gravement touché »,"Les contrats à terme ouvrent la semaine en hausse — Dow +0,17 %, S&P +0,22 %, Nasdaq-100 +0,37 % — les opérateurs pariant que la guerre est plus près de son pic que de son début, et l’outil FedWatch chiffre à 87,7 % la probabilité d’un statu quo de la Fed en juillet. RTX progresse après le nouveau programme antidrone de 40 G$ de l’OTAN, signe que la défense est ici la position durable. Le marché achète le récit d’une « guerre contenue » ; cette thèse s’effondre à la seconde où Ormuz ferme réellement."
2026-07-20,"Monday, 20 July 2026",5,ENERGY,LNG shipments through the Strait of Hormuz grind to a halt,OilPrice,oilprice.com,https://oilprice.com/Latest-Energy-News/World-News/LNG-Shipments-Through-Strait-of-Hormuz-Grind-to-a-Halt-as-Conflict-Escalates.html,"No LNG carrier loaded in the Gulf over the three days to July 20 — the gas market’s single largest export corridor has effectively stopped. Asian spot LNG is already up 25% in a month, and Europe heads into heating season with its cheapest hedge frozen. If you buy, ship or burn gas, lock supply now; the winter risk premium is being written today.",ÉNERGIE,Les expéditions de GNL par le détroit d’Ormuz s’arrêtent net,"Aucun méthanier n’a chargé dans le Golfe durant les trois jours précédant le 20 juillet — le plus grand corridor d’exportation du marché gazier s’est pratiquement arrêté. Le GNL spot asiatique a déjà grimpé de 25 % en un mois, et l’Europe aborde la saison de chauffe avec sa couverture la moins chère gelée. Si vous achetez, transportez ou brûlez du gaz, sécurisez vos approvisionnements maintenant ; la prime de risque hivernale s’écrit aujourd’hui."
2026-07-20,"Monday, 20 July 2026",6,MARKETS,A semiconductor rout drags Wall Street to a losing week,The Motley Fool,fool.com,https://www.fool.com/coverage/stock-market-today/2026/07/17/stock-market-today-july-17-netflix-plunges-but-are-investors-missing-the-point/,"The chip complex — the market’s leadership for two years — cracked, with the SOX index off more than 4% and the S&P closing the week at 7,457. When leadership rolls over while a war-driven energy shock builds, the setup favours rotation into hard assets and cash. This is a moment to check concentration risk in AI-heavy portfolios, not to buy the dip reflexively.",MARCHÉS,La déroute des semi-conducteurs entraîne Wall Street vers une semaine perdante,"Le complexe des puces — le leadership du marché depuis deux ans — a cédé, l’indice SOX perdant plus de 4 % et le S&P clôturant la semaine à 7 457. Quand le leadership se retourne pendant qu’un choc énergétique lié à la guerre s’installe, le contexte favorise la rotation vers les actifs tangibles et les liquidités. C’est le moment de vérifier le risque de concentration des portefeuilles gorgés d’IA, pas d’acheter le creux par réflexe."
2026-07-20,"Monday, 20 July 2026",7,SECURITY,Russia launches its largest ballistic missile attack on Kyiv of the war,Al Jazeera,aljazeera.com,https://www.aljazeera.com/news/2026/7/19/russia-launches-largest-ballistic-missile-attack-on-kyiv-since-start-of-war,"Forty-one ballistic missiles in one night — with Ukraine stopping fewer than half — signals that Kyiv’s Patriot interceptor stocks are running critically thin. With US attention and munitions pulled toward the Gulf, Moscow is testing whether it can overwhelm Ukrainian air defence while Washington is distracted. The two wars now compete for the same finite interceptor inventory, and that is the constraint to watch.",SÉCURITÉ,La Russie lance sa plus vaste attaque de missiles balistiques sur Kyiv depuis le début de la guerre,"Quarante et un missiles balistiques en une nuit — l’Ukraine n’en interceptant même pas la moitié — indiquent que ses stocks d’intercepteurs Patriot s’épuisent dangereusement. L’attention et les munitions américaines happées par le Golfe, Moscou teste sa capacité à saturer la défense aérienne ukrainienne pendant que Washington a le regard ailleurs. Les deux guerres se disputent désormais le même stock fini d’intercepteurs — c’est là la contrainte à surveiller."
2026-07-20,"Monday, 20 July 2026",8,MACRO,Gold slides to November lows as bets on a tighter Fed override safe-haven demand,Yahoo Finance,finance.yahoo.com,https://finance.yahoo.com/personal-finance/investing/article/gold-prices-today-friday-july-17-2026-gold-nosedives-to-nov-25-levels-as-iran-airstrikes-intensify-121125037.html,"Gold falling during a shooting war is the counterintuitive tell of the week: markets now fear war-driven inflation forcing the Fed to stay tight more than they fear the war itself. At roughly $3,980 an ounce, still up 20% on the year, the pullback looks like positioning, not a break in the secular case. For allocators, weakness into a geopolitical crisis is an entry to study, not a reason to abandon the hedge.",MACRO,L’or recule à ses plus bas de novembre; les paris sur une Fed plus dure l’emportent sur la valeur refuge,"La chute de l’or en pleine guerre est le signal contre-intuitif de la semaine : les marchés redoutent désormais qu’une inflation nourrie par la guerre force la Fed à rester restrictive, plus qu’ils ne redoutent la guerre elle-même. Autour de 3 980 $ l’once, toujours en hausse de 20 % sur l’année, le repli ressemble à du positionnement, non à une rupture de la tendance de fond. Pour les allocateurs, une faiblesse en pleine crise géopolitique est un point d’entrée à étudier, non une raison d’abandonner la couverture."
2026-07-20,"Monday, 20 July 2026",9,ECONOMY,Bank of Canada holds its key rate at 2.25% as inflation tops 3%,Global News,globalnews.ca,https://globalnews.ca/news/11966500/bank-of-canada-rate-decision-july-2026/,"The Bank is choosing to look through an oil-driven inflation spike rather than choke a soft economy — a bet that the Hormuz premium is temporary. If oil holds above $90, that patience curdles into a policy error, and a rate held today becomes a hike forced later. For anyone with Canadian floating-rate debt or a mortgage renewal, the risk has shifted from cuts to holds-then-hikes.",ÉCONOMIE,"La Banque du Canada maintient son taux directeur à 2,25 % alors que l’inflation dépasse 3 %","La Banque choisit de regarder au-delà d’un pic d’inflation tiré par le pétrole plutôt que d’étouffer une économie molle — un pari sur le caractère temporaire de la prime d’Ormuz. Si le brut se maintient au-dessus de 90 $, cette patience tourne à l’erreur de politique, et un taux maintenu aujourd’hui devient une hausse imposée demain. Pour quiconque détient une dette canadienne à taux variable ou un renouvellement hypothécaire, le risque est passé des baisses aux statu quo suivis de hausses."
2026-07-20,"Monday, 20 July 2026",10,EARNINGS,TSMC profit soars 77% to a record; adds $100B to its Arizona build-out,Yahoo Finance,finance.yahoo.com,https://finance.yahoo.com/markets/stocks/articles/tsmc-q2-2026-earnings-record-112109987.html,A 77% profit jump confirms the AI capex boom is still accelerating at the one company that makes the chips everyone else designs. The extra $100B for Arizona is the clearest vote yet that the semiconductor centre of gravity is migrating to US soil — a multi-year tailwind for American fabs and a strategic hedge against a Taiwan contingency. TSMC’s order book remains the most reliable read on whether the AI trade is real.,RÉSULTATS,Le bénéfice de TSMC bondit de 77 % à un record; 100 G$ de plus pour son usine en Arizona,"Un bond de 77 % du bénéfice confirme que le boom d’investissement en IA accélère encore, chez l’entreprise même qui fabrique les puces que tous les autres conçoivent. Les 100 G$ supplémentaires pour l’Arizona sont le vote le plus clair que le centre de gravité des semi-conducteurs migre vers le sol américain — un vent porteur pluriannuel pour les fonderies américaines et une couverture stratégique contre un scénario taïwanais. Le carnet de commandes de TSMC reste la lecture la plus fiable de la réalité du pari IA."
2026-07-20,"Monday, 20 July 2026",11,EARNINGS,Netflix beats but plunges up to 12% on soft guidance and a disclosure cut,The Motley Fool,fool.com,https://www.fool.com/investing/2026/07/17/netflix-beat-estimates-but-the-stock-dropped/,"A beat that still sends the stock down 12% tells you expectations, not fundamentals, now drive the megacaps — the bar is priced for perfection. Netflix pulling its engagement disclosures back to once a year also signals a company managing the narrative more tightly as growth normalises. When even good numbers get sold, it is a market-wide warning about how much optimism is already baked into mega-cap valuations.",RÉSULTATS,Netflix bat les attentes mais chute jusqu’à 12 % sur des prévisions molles et une transparence réduite,"Un dépassement qui fait tout de même plonger le titre de 12 % montre que ce sont désormais les attentes, non les fondamentaux, qui meuvent les mégacapitalisations — la barre est fixée à la perfection. Le retour de Netflix à une publication annuelle de ses données d’engagement trahit aussi une entreprise qui verrouille davantage le récit à mesure que la croissance se normalise. Quand même de bons chiffres sont vendus, c’est un avertissement général sur l’excès d’optimisme déjà logé dans les valorisations des géants."
2026-07-20,"Monday, 20 July 2026",12,MARKETS,Apple briefly overtakes Nvidia as the world’s most valuable company,Forbes,forbes.com,https://www.forbes.com/sites/tylerroush/2026/07/17/apple-unseats-nvidia-as-worlds-largest-company/,"Apple edging past Nvidia — even for a morning — marks the first crack in the AI-hardware trade’s two-year grip on the top of the leaderboard. The rotation from the chip narrative toward cash-rich, defensive megacaps is exactly what you would expect late in a cycle with a war premium building. The title itself is trivia; the money flow underneath it is the signal.",MARCHÉS,Apple dépasse brièvement Nvidia comme première capitalisation mondiale,"Voir Apple devancer Nvidia — ne serait-ce qu’une matinée — marque la première fissure dans l’emprise de deux ans du pari matériel-IA au sommet du classement. La rotation du récit des puces vers des mégacapitalisations défensives et riches en liquidités est exactement ce qu’on attend en fin de cycle, avec une prime de guerre qui monte. Le titre honorifique est anecdotique ; le flux de capitaux qui le sous-tend est le vrai signal."
2026-07-20,"Monday, 20 July 2026",13,AI,Google delays Gemini 3.5 Pro after the flagship model falls short on coding,CNBC,cnbc.com,https://www.cnbc.com/2026/07/16/alphabet-stock-gemini-3-5-pro-ai.html,"Google slipping its flagship model — while rivals ship stronger ones — is a rare admission that it is behind at the frontier, and the stock shed roughly $200B on the news. Coding performance is the battleground precisely because that is where enterprise AI budgets are actually being spent. For anyone building an AI stack, this reinforces a multi-model strategy: never bet a workflow on a single lab’s roadmap.",IA,"Google reporte Gemini 3.5 Pro, le modèle phare décevant en programmation","Le report par Google de son modèle phare — alors que ses rivaux en livrent de plus performants — est un aveu rare de retard à la frontière, et le titre a perdu quelque 200 G$ sur la nouvelle. La performance en programmation est le champ de bataille, précisément parce que c’est là que se dépensent réellement les budgets d’IA d’entreprise. Pour quiconque bâtit une pile d’IA, cela conforte une stratégie multimodèle : n’adossez jamais un flux de travail à la feuille de route d’un seul laboratoire."
2026-07-20,"Monday, 20 July 2026",14,F&A,ABB to buy the UK’s Rotork for $5.5B in its largest-ever acquisition,ABB,abb.com,https://new.abb.com/news/detail/137499/abb-expands-automation-offering-with-acquisition-of-rotork,"ABB paying a 60% premium for a flow-control specialist is a bet that the electrification and automation build-out has years left to run. Deals at this multiple signal that industrial strategics see structural demand — data centres, grid, water — not a cyclical peak. Watch industrial automation as a place capital is rotating toward while tech multiples compress.",F&A,"ABB rachète la britannique Rotork pour 5,5 G$, sa plus grande acquisition","Voir ABB payer une prime de 60 % pour un spécialiste du contrôle de débit, c’est parier qu’il reste des années de chantier à l’électrification et à l’automatisation. Des opérations à ce multiple signalent que les industriels voient une demande structurelle — centres de données, réseaux, eau — et non un pic cyclique. Surveillez l’automatisation industrielle comme destination de rotation des capitaux pendant que les multiples technologiques se compriment."
2026-07-20,"Monday, 20 July 2026",15,CANADA,Ottawa and Alberta unveil a one-million-barrel West Coast oil pipeline,Global News,globalnews.ca,https://globalnews.ca/news/11949863/alberta-oil-pipeline-announcement-danielle-smith/,"A million-barrel line to the Pacific is Canada’s clearest move yet to sell oil into Asia instead of routing every barrel through a single US buyer. Paired with carbon capture to buy political cover, it is the concrete version of Carney’s ‘de-risk from America’ pledge. But with BC and First Nations opposition and a mid-2030s start, the strategic intent is real while the barrels are a decade out — price the signal, not the supply.",CANADA,Ottawa et l’Alberta dévoilent un oléoduc d’un million de barils vers la côte Ouest,"Un oléoduc d’un million de barils vers le Pacifique est le geste le plus net du Canada pour vendre son pétrole à l’Asie plutôt que d’acheminer chaque baril vers un unique acheteur américain. Adossé à la capture du carbone pour se ménager une couverture politique, c’est la version concrète de la promesse de Carney de « dérisquer » face aux États-Unis. Mais avec l’opposition de la C.-B. et de Premières Nations et un démarrage au milieu des années 2030, l’intention stratégique est réelle quand les barils, eux, sont à dix ans — valorisez le signal, pas l’offre."
2026-07-20,"Monday, 20 July 2026",16,TRADE,"US opts to review, not renew, the CUSMA trade pact as tariffs bite",CBC News,cbc.ca,https://www.cbc.ca/news/politics/cusma-usmca-july-1-canada-us-mexico-trade-trump-tariffs-9.7253789,"Washington choosing ‘review’ over ‘renew’ keeps the single most important variable in Canada’s economy — guaranteed tariff-free US access — formally unresolved. That uncertainty is itself the cost: it freezes cross-border investment and hangs over every Canadian exporter’s planning. The strategic imperative for Canadian firms is buyer diversification now, because the North American default can no longer be assumed.",COMMERCE,"Les États-Unis choisissent de réviser, non de renouveler, l’ACEUM alors que les tarifs mordent","En optant pour la « révision » plutôt que le « renouvellement », Washington laisse formellement en suspens la variable la plus déterminante de l’économie canadienne : l’accès garanti et sans tarif au marché américain. Cette incertitude est en soi le coût : elle gèle l’investissement transfrontalier et pèse sur la planification de chaque exportateur canadien. L’impératif stratégique pour les entreprises canadiennes est la diversification des acheteurs dès maintenant, car le réflexe nord-américain ne va plus de soi."
2026-07-20,"Monday, 20 July 2026",17,OIL,"OPEC+ approves a fifth straight monthly output hike of 188,000 bpd",Al Jazeera,aljazeera.com,https://www.aljazeera.com/economy/2026/7/6/opec-countries-say-they-will-expand-monthly-oil-production,"OPEC+ adding barrels into a war-driven price spike is the cartel signalling it wants to defend market share and cap prices before demand destruction sets in. The volume is modest, but the intent matters: Riyadh would rather sell more oil at $90 than watch $100 crush consumption. It is the one bearish counterweight to the Hormuz premium — a reason the spike may not run as far as the headlines imply.",PÉTROLE,L’OPEP+ approuve une cinquième hausse mensuelle d’affilée de 188 000 b/j,"En ajoutant des barils dans un pic de prix nourri par la guerre, l’OPEP+ signale qu’elle veut défendre ses parts de marché et plafonner les prix avant que la demande ne s’effondre. Le volume est modeste, mais l’intention compte : Riyad préfère vendre plus de pétrole à 90 $ que de voir 100 $ écraser la consommation. C’est le seul contrepoids baissier à la prime d’Ormuz — une raison pour laquelle la flambée pourrait ne pas aller aussi loin que les manchettes le laissent croire."
2026-07-20,"Monday, 20 July 2026",18,BUSINESS,Blackstone leads a $5.34B investment in Williams power projects for AI data centres,Williams,williams.com,https://investor.williams.com/news-releases/news-release-details/williams-announces-534-billion-investment-power-innovation-joint,"Five billion of private capital flowing into power generation, not chips, marks the AI bottleneck moving downstream — the constraint is now electrons, not silicon. When Blackstone, Apollo and KKR co-invest in power for data centres, they are pricing years of structural electricity-demand growth. The durable AI trade may be utilities, grid and gas infrastructure rather than the model makers themselves.",AFFAIRES,"Blackstone mène un investissement de 5,34 G$ dans des projets électriques de Williams pour l’IA","Cinq milliards de capitaux privés dirigés vers la production d’électricité, et non vers les puces, marquent le déplacement du goulot d’étranglement de l’IA vers l’aval — la contrainte, ce sont désormais les électrons, pas le silicium. Quand Blackstone, Apollo et KKR co-investissent dans l’électricité pour centres de données, ils valorisent des années de croissance structurelle de la demande d’électricité. Le pari IA durable pourrait être les services publics, les réseaux et l’infrastructure gazière, plutôt que les concepteurs de modèles eux-mêmes."
2026-07-20,"Monday, 20 July 2026",19,OIL,IEA: global oil supply is still 9.4 million bpd below pre-war levels,IEA,iea.org,https://www.iea.org/reports/oil-market-report-july-2026,"The structural story beneath the price spike: the world is still pumping 9.4 million barrels a day less than before the war began. That supply hole is why every fresh escalation moves price so violently — there is no spare cushion to absorb a shock. Until the gap closes, treat oil as a market with its safety margin removed, where geopolitics translates straight into price.",PÉTROLE,"AIE : l’offre mondiale de pétrole reste inférieure de 9,4 millions b/j aux niveaux d’avant-guerre","Le récit structurel sous la flambée des prix : le monde extrait encore 9,4 millions de barils par jour de moins qu’avant le début de la guerre. Ce trou d’offre explique pourquoi chaque nouvelle escalade fait bouger les prix si violemment — aucun coussin ne peut absorber un choc. Tant que cet écart ne se referme pas, traitez le pétrole comme un marché sans marge de sécurité, où la géopolitique se traduit directement en prix."
2026-07-20,"Monday, 20 July 2026",20,CANADA,Carney commits $2B for 190 army armoured vehicles built in Ontario,CPAC,cpac.ca,https://www.cpac.ca/headline-politics/episode/pm-mark-carney-partnership-to-build-new-armoured-vehicles--july-16-2026?id=ba4b310b-390a-4f01-903c-b95d7ca4d590,"A $2B domestic defence order is Carney turning rearmament into industrial policy — building the vehicles at home to create jobs while meeting NATO spending pressure. It is one piece of a much larger pivot: Canadian fiscal firepower moving toward defence and sovereignty rather than social spending. For Canadian industrials and their suppliers, government defence procurement is becoming a growth channel worth positioning for.",CANADA,Carney engage 2 G$ pour 190 véhicules blindés de l’armée fabriqués en Ontario,"Une commande de défense nationale de 2 G$, c’est Carney qui transforme le réarmement en politique industrielle — fabriquer les véhicules au pays pour créer des emplois tout en répondant à la pression de l’OTAN sur les dépenses. C’est une pièce d’un virage bien plus vaste : la puissance budgétaire canadienne se tourne vers la défense et la souveraineté plutôt que vers les dépenses sociales. Pour les industriels canadiens et leurs fournisseurs, l’approvisionnement militaire devient un canal de croissance à investir."
2026-07-20,"Monday, 20 July 2026",21,ECONOMY,"Canada adds 18,000 jobs in June as the jobless rate dips to 6.5%",BNN Bloomberg,bnnbloomberg.ca,https://www.bnnbloomberg.ca/business/economics/2026/07/10/unemployment-rate-falls-to-65-in-june-as-youth-add-33000-jobs-statcan/,"A headline jobs gain masks the real story: manufacturing shed another 17,000 positions and is down 61,000 since early 2025 — the direct footprint of the tariff war. The economy is being propped up by part-time youth and service jobs while its tradeable core erodes. That divergence is why the Bank of Canada is boxed in — a labour market that looks fine in aggregate and hollow underneath.",ÉCONOMIE,"Le Canada crée 18 000 emplois en juin; le taux de chômage recule à 6,5 %","Un gain d’emplois en apparence solide masque l’essentiel : le secteur manufacturier a encore perdu 17 000 postes et recule de 61 000 depuis début 2025 — l’empreinte directe de la guerre tarifaire. L’économie est soutenue par des emplois de jeunes à temps partiel et de services pendant que son cœur exportable s’érode. C’est cette divergence qui enferme la Banque du Canada — un marché du travail correct en apparence, creux en dessous."
2026-07-20,"Monday, 20 July 2026",22,DIPLOMACY,Lebanon’s Aoun meets Rubio in Washington to push Hezbollah disarmament,Al Jazeera,aljazeera.com,https://www.aljazeera.com/news/2026/7/19/lebanons-president-joseph-aoun-meets-rubio-ahead-of-trump-talks,"The first Lebanese presidential visit to Washington since 2009 signals a real US bet that a weakened Iran means a disarmable Hezbollah. If the June framework holds, it redraws the northern front and removes one of Tehran’s last functioning deterrents — a strategic loss for Iran precisely as it fights the US directly. This is the quiet story that could outlast the headline war.",DIPLOMATIE,Le président libanais Aoun rencontre Rubio à Washington pour le désarmement du Hezbollah,"La première visite d’un président libanais à Washington depuis 2009 traduit un vrai pari américain : un Iran affaibli rend le Hezbollah désarmable. Si l’accord-cadre de juin tient, il redessine le front nord et prive Téhéran de l’un de ses derniers moyens de dissuasion réels — une perte stratégique pour l’Iran au moment même où il affronte directement les États-Unis. C’est l’histoire discrète qui pourrait survivre à la guerre en manchette."
2026-07-21,"Tuesday, 21 July 2026",1,HORMUZ,US strikes Iran again as a tanker is hit in Hormuz; a 10-day ceasefire moves into focus,CNBC,cnbc.com,https://www.cnbc.com/2026/07/21/us-iran-war-trump-hormuz-houthis.html,"The signal that matters is the split screen: Washington keeps striking while floating a 10-day pause, and a fresh tanker hit shows Iran can still bleed the strait. Read any ceasefire as a fragile breather to reposition, not an off-ramp — the risk premium in oil and shipping stays until Iran's anti-ship capability is actually degraded.",HORMUZ,Nouvelles frappes américaines sur l'Iran; un pétrolier touché dans le détroit d'Ormuz; un cessez-le-feu de 10 jours se dessine,"Le signal qui compte, c'est l'écran divisé : Washington frappe encore tout en évoquant une pause de dix jours, et un nouveau pétrolier touché prouve que l'Iran peut toujours saigner le détroit. Traitez tout cessez-le-feu comme un répit fragile pour se repositionner, non comme une sortie de crise — la prime de risque sur le pétrole et le fret tiendra tant que la capacité antinavire iranienne ne sera pas réellement dégradée."
2026-07-21,"Tuesday, 21 July 2026",2,TARIFFS,Trump hits Canada with a 50% tariff under Section 338 — even on CUSMA-compliant goods,CBC News,cbc.ca,https://www.cbc.ca/news/world/trump-canada-us-trade-tariffs-cusma-usmca-9.7276973,"Reaching for Section 338 — a dormant 1930 statute — to override CUSMA protections is the escalation: it tells every Canadian exporter that treaty coverage is no longer a shield. Autos, alcohol and dairy take the hit while energy, potash and critical minerals are spared, and the 30-day runway is the negotiating window. Model your supply chain for the tariff landing, not for a last-minute reprieve.",DROITS DE DOUANE,Trump impose à le Canada un tarif de 50 % en vertu de l'article 338 — même sur les biens conformes à l'ACEUM,"Invoquer l'article 338 — une loi dormante de 1930 — pour écraser les protections de l'ACEUM, voilà l'escalade : cela signifie à chaque exportateur canadien que la couverture du traité n'est plus un bouclier. L'automobile, l'alcool et les produits laitiers encaissent le coup tandis que l'énergie, la potasse et les minéraux critiques sont épargnés; le délai de 30 jours est la fenêtre de négociation. Planifiez votre chaîne d'approvisionnement pour l'entrée en vigueur du tarif, pas pour un sursis de dernière minute."
2026-07-21,"Tuesday, 21 July 2026",3,ENERGY,"Yemen's Houthis declare a naval blockade of Saudi Arabia, widening the threat to oil supply",Al Jazeera,aljazeera.com,https://www.aljazeera.com/news/2026/7/20/yemens-houthis-declare-naval-blockade-of-saudi-arabia-what-to-know,"With Hormuz already choked, a Houthi embargo puts Saudi Arabia's Red Sea escape valve at Bab al-Mandeb — roughly 7.4 million barrels a day in June — under fire too. If both chokepoints seize, up to a quarter of world oil and gas transit is exposed. This is the scenario that turns a Gulf war into a global supply shock; hedge energy exposure accordingly.",ÉNERGIE,"Les Houthis du Yémen déclarent un blocus naval de l'Arabie saoudite, élargissant la menace sur l'offre pétrolière","Ormuz étant déjà asphyxié, un embargo houthi place aussi sous le feu la soupape de secours saoudienne en mer Rouge, à Bab el-Mandeb — environ 7,4 millions de barils par jour en juin. Si les deux points de passage se bloquent, jusqu'à un quart du transit mondial de pétrole et de gaz est exposé. C'est le scénario qui transforme une guerre du Golfe en choc d'offre mondial; couvrez votre exposition énergétique en conséquence."
2026-07-21,"Tuesday, 21 July 2026",4,OIL,Saudi oil loadings fall 36% as Houthi threats disrupt the Bab al-Mandeb passage,The National,thenationalnews.com,https://www.thenationalnews.com/business/energy/2026/07/20/saudi-oil-loadings-drop-by-36-as-houthi-threats-disrupt-bab-al-mandeb-passage/,"Loadings dropping from 9.5 to 6.1 million barrels a day is not a threat on paper — it is barrels already off the water. With over 70% of Saudi crude now routed via the Red Sea since Hormuz closed, the kingdom's diversification is being neutralized in real time. Expect physical tightness to feed the paper price faster than the market is pricing.",PÉTROLE,Les chargements de pétrole saoudien chutent de 36 % alors que les menaces houthies perturbent le passage de Bab el-Mandeb,"Des chargements qui tombent de 9,5 à 6,1 millions de barils par jour, ce n'est pas une menace sur le papier — ce sont des barils déjà retirés de l'eau. Plus de 70 % du brut saoudien transitant désormais par la mer Rouge depuis la fermeture d'Ormuz, la diversification du royaume est neutralisée en temps réel. Attendez-vous à ce que la tension physique se répercute sur le prix papier plus vite que le marché ne l'anticipe."
2026-07-21,"Tuesday, 21 July 2026",5,CANADA,"Carney keeps the door open to talks, declining to match Trump's 50% tariff with retaliation",Forbes,forbes.com,https://www.forbes.com/sites/siladityaray/2026/07/21/carney-says-canada-is-open-to-talks-after-trump-imposes-new-50-tariffs/,Carney is betting that restraint plus a cost-to-American-consumers message beats a tit-for-tat spiral — a calculated split from Doug Ford's dollar-for-dollar demand. The read for business: Ottawa wants a deal inside the 30-day window and won't spook it with counter-tariffs first. Watch whether provincial hawks force his hand before the clock runs out.,CANADA,Carney garde la porte ouverte aux négociations et refuse de répliquer au tarif de 50 % de Trump,"Carney parie que la retenue, doublée d'un message sur le coût pour les consommateurs américains, l'emporte sur une spirale de représailles — une rupture calculée avec l'exigence « dollar pour dollar » de Doug Ford. Le message pour les entreprises : Ottawa veut un accord dans la fenêtre de 30 jours et ne le compromettra pas par des contre-tarifs prématurés. Surveillez si les faucons provinciaux le forcent à agir avant l'échéance."
2026-07-21,"Tuesday, 21 July 2026",6,MARKETS,"Oil holds a war premium — Brent near $88.54, WTI at $82.47 — as the Gulf risk sticks",The Street,thestreet.com,https://www.thestreet.com/stock-market-today/stock-market-today-dow-jones-sp-500-nasdaq-updates-july-20-2026,"With Brent parked in the high $80s, the market has stopped treating the Gulf as a spike and started treating it as a regime. Importing economies lose the disinflation they had banked on, and central banks lose room to cut. Price these levels as a floor while two chokepoints stay contested, not a top to fade.",MARCHÉS,"Le pétrole conserve une prime de guerre — Brent près de 88,54 $, WTI à 82,47 $ — le risque du Golfe persistant","Le Brent stationnant dans le haut de la fourchette des 80 $, le marché a cessé de voir le Golfe comme un pic pour y voir un régime durable. Les économies importatrices perdent la désinflation escomptée, et les banques centrales perdent leur marge pour abaisser les taux. Considérez ces niveaux comme un plancher tant que deux points de passage restent disputés, non comme un sommet à vendre."
2026-07-21,"Tuesday, 21 July 2026",7,GOLD,"Gold holds above $4,000 as Middle East violence keeps the safe-haven bid alive",Yahoo Finance,finance.yahoo.com,https://finance.yahoo.com/personal-finance/investing/article/gold-prices-today-monday-july-20-2026-gold-holds-above-4000-despite-continued-violence-in-the-middle-east-152926843.html,"Gold defending $4,000 through the volatility is the market voting that this crisis has legs. For allocators it is the cleanest tell that fear is structural, not transient — and a reminder that the hedge is already expensive. Adding here is paying up for insurance you should have bought lower.",OR,L'or se maintient au-dessus de 4 000 $ alors que la violence au Moyen-Orient entretient la demande refuge,"L'or défendant les 4 000 $ à travers la volatilité, c'est le marché qui juge que cette crise va durer. Pour les allocataires, c'est le signal le plus net que la peur est structurelle, non passagère — et un rappel que la couverture est déjà chère. En ajouter ici, c'est surpayer une assurance qu'il aurait fallu acheter plus bas."
2026-07-21,"Tuesday, 21 July 2026",8,EARNINGS,"Tesla, Alphabet and Intel report this week — the first real test of AI capex at scale",CNBC,cnbc.com,https://www.cnbc.com/2026/07/19/earnings-playbook-alphabet-tesla-headline-this-weeks-big-reports.html,"This is the print where guidance and capital-spending plans matter more than the beat. Investors want proof that hundreds of billions in AI infrastructure is starting to convert into revenue, not just cost. A soft capex justification from Alphabet or a Tesla margin miss could break the rotation that's been holding the tape up.",RÉSULTATS,"Tesla, Alphabet et Intel publient cette semaine — le premier vrai test des dépenses d'IA à grande échelle","C'est la publication où les prévisions et les plans d'investissement comptent davantage que le simple dépassement du consensus. Les investisseurs veulent la preuve que des centaines de milliards en infrastructure d'IA commencent à se convertir en revenus, et non seulement en coûts. Une justification molle des dépenses chez Alphabet ou un manque de marge chez Tesla pourrait briser la rotation qui soutient les indices."
2026-07-21,"Tuesday, 21 July 2026",9,MARKETS,"US stocks drift lower into earnings — Dow -0.6%, S&P -0.2%, Nasdaq flat",The Street,thestreet.com,https://www.thestreet.com/stock-market-today/stock-market-today-dow-jones-sp-500-nasdaq-updates-july-20-2026,"A quiet, slightly-down tape ahead of Big Tech earnings is the market holding its breath, not losing conviction. The setup is asymmetric: strong guidance re-ignites the melt-up, while any capex disappointment meets a market with no cushion and a live war premium. Position for the reaction, not the drift.",MARCHÉS,"Les actions américaines fléchissent avant les résultats — Dow -0,6 %, S&P -0,2 %, Nasdaq stable","Un marché calme et légèrement en baisse avant les résultats des géants technologiques, c'est un marché qui retient son souffle, non qui perd conviction. La configuration est asymétrique : de solides prévisions relancent la hausse, tandis que toute déception sur les dépenses d'investissement frappera un marché sans coussin et avec une prime de guerre bien réelle. Positionnez-vous pour la réaction, non pour la dérive."
2026-07-21,"Tuesday, 21 July 2026",10,TECH,"Nvidia and chipmakers lead a rebound off the selloff, steadying the AI trade",Bloomberg,bloomberg.com,https://www.bloomberg.com/news/articles/2026-07-20/us-stocks-rebound-from-selloff-as-nvidia-other-chipmakers-rise,"Chips catching a bid the session before Big Tech reports tells you the market still wants to believe the AI story — it just needs the earnings to confirm it. The rebound is a positioning tell, not a fundamental one. If the guidance this week disappoints, this bounce is the last easy exit before a deeper reprice.",TECHNO,"Nvidia et les fabricants de puces mènent un rebond après la correction, stabilisant le pari sur l'IA","Les puces qui rebondissent la veille des résultats des géants technologiques montrent que le marché veut encore croire à l'histoire de l'IA — il lui faut seulement que les résultats la confirment. Ce rebond relève du positionnement, non des fondamentaux. Si les prévisions déçoivent cette semaine, ce sursaut sera la dernière sortie facile avant une réévaluation plus profonde."
2026-07-21,"Tuesday, 21 July 2026",11,RATES,Odds of a 2026 Fed rate cut fade as Powell's term winds down and tariff inflation looms,Morningstar,morningstar.com,https://www.morningstar.com/economy/powell-closes-out-term-fed-chair-odds-rate-cut-2026-vanish,"The market quietly pricing out cuts is the story under the story: tariffs plus an oil shock rebuild the inflation case just as the Fed's leadership turns over. For anyone counting on cheaper money in the back half, that assumption is now the risk. Refinance and duration bets built on 2026 easing need a rethink.",TAUX,Les chances d'une baisse de taux de la Fed en 2026 s'estompent alors que le mandat de Powell touche à sa fin et que l'inflation tarifaire menace,"Le marché qui évacue discrètement les baisses, c'est l'histoire sous l'histoire : droits de douane et choc pétrolier reconstruisent le dossier inflationniste au moment même où la direction de la Fed change. Pour quiconque comptait sur un argent moins cher au second semestre, cette hypothèse est désormais le risque. Les paris de refinancement et de duration fondés sur un assouplissement en 2026 méritent d'être revus."
2026-07-21,"Tuesday, 21 July 2026",12,FX,The loonie slides to a one-week low on tariff shock and diverging BoC-Fed paths,FXStreet,fxstreet.com,https://www.fxstreet.com/news/canadian-dollar-falls-to-one-week-low-vs-usd-on-divergent-boc-fed-bets-trump-tariffs-202607210112,"A weaker loonie is the market's instant verdict on the tariff hit — and it cuts both ways: it cushions exporters but imports inflation Canada can't afford. With the BoC on hold and the Fed pricing out cuts, the rate gap caps any bounce. Treat CAD softness as the transmission belt carrying the trade war into domestic prices.",DEVISES,Le huard glisse à un creux d'une semaine sous le choc tarifaire et la divergence entre la Banque du Canada et la Fed,"Un huard plus faible est le verdict immédiat du marché sur le choc tarifaire — et il coupe des deux côtés : il amortit les exportateurs mais importe une inflation que le Canada ne peut se permettre. La Banque du Canada en pause et la Fed écartant les baisses, l'écart de taux plafonne tout rebond. Voyez la faiblesse du dollar canadien comme la courroie qui transmet la guerre commerciale aux prix intérieurs."
2026-07-21,"Tuesday, 21 July 2026",13,UKRAINE,Russia launches its largest ballistic-missile barrage on Kyiv since the war began,Al Jazeera,aljazeera.com,https://www.aljazeera.com/news/2026/7/19/russia-launches-largest-ballistic-missile-attack-on-kyiv-since-start-of-war,Forty-one ballistic missiles with only 18 intercepted is the metric that matters — it exposes Ukraine's Patriot shortage more than any statement could. Moscow is testing air defenses precisely as US attention is consumed by the Gulf. The variable to watch is whether Washington can supply interceptors while running a second war.,UKRAINE,La Russie lance sa plus vaste attaque de missiles balistiques sur Kyiv depuis le début de la guerre,"Quarante et un missiles balistiques dont seulement 18 interceptés, voilà la donnée qui compte — elle expose la pénurie de Patriot ukrainiens mieux que n'importe quelle déclaration. Moscou teste les défenses aériennes au moment précis où l'attention américaine est absorbée par le Golfe. La variable à surveiller : Washington peut-il fournir des intercepteurs tout en menant une seconde guerre."
2026-07-21,"Tuesday, 21 July 2026",14,CHINA,"China's Q2 growth slows to 4.3%, the weakest since 2022, as property and investment sink",CNBC,cnbc.com,https://www.cnbc.com/2026/07/15/china-gdp-retail-sales-investment-june-.html,A 4.3% print with property investment down sharply is Beijing's growth engine misfiring on the domestic side while exports carry the load. That export strength is exactly what's inviting more tariffs abroad — a trap that narrows China's options. Watch the late-July Politburo for whether stimulus finally arrives or Beijing keeps holding the line.,CHINE,"La croissance chinoise du deuxième trimestre ralentit à 4,3 %, au plus bas depuis 2022, sous le poids de l'immobilier et de l'investissement","Une croissance de 4,3 %, avec un investissement immobilier en forte baisse, c'est le moteur de croissance de Pékin qui rate côté demande intérieure tandis que les exportations portent le fardeau. Or cette vigueur des exportations est précisément ce qui appelle davantage de droits de douane à l'étranger — un piège qui rétrécit les options de la Chine. Surveillez le Politburo de fin juillet pour savoir si la relance arrive enfin ou si Pékin tient la ligne."
2026-07-21,"Tuesday, 21 July 2026",15,BANKS,All five major US banks beat on Q2 — JPMorgan posts the highest quarterly profit in US history,Tech Times,techtimes.com,https://www.techtimes.com/articles/320491/20260714/all-five-major-banks-beat-estimates-jpmorgan-posts-highest-profit-us-history.htm,"Record bank profits led by trading are a double-edged signal: Wall Street is monetizing exactly the volatility that's stressing the real economy. Strong balance sheets mean the system can absorb a shock — but the earnings mix says the gains are coming from market chaos, not lending growth. Read it as resilience with a warning label.",BANQUES,Les cinq grandes banques américaines dépassent les attentes au T2 — JPMorgan affiche le plus haut bénéfice trimestriel de l'histoire des États-Unis,"Des bénéfices bancaires records tirés par le négoce sont un signal à double tranchant : Wall Street monétise précisément la volatilité qui met sous tension l'économie réelle. Des bilans solides signifient que le système peut absorber un choc — mais la composition des résultats indique que les gains viennent du chaos des marchés, non de la croissance du crédit. À lire comme une résilience assortie d'un avertissement."
2026-07-21,"Tuesday, 21 July 2026",16,CANADA,Canada and Alberta advance a west-coast pipeline to cut reliance on US export routes,Prime Minister of Canada,pm.gc.ca,https://www.pm.gc.ca/en/news/news-releases/2026/07/02/canada-and-alberta-advance-west-coast-pipeline-project-proposal-and,"With a 50% US tariff now on the table, a Pacific pipeline stops being an energy file and becomes strategic leverage. The logic is blunt: every barrel Canada can ship to Asia is a barrel Washington can't hold hostage. The catch is timeline — pipelines take years, tariffs bite in 30 days, so this is a hedge for the next fight, not this one.",CANADA,Le Canada et l'Alberta font avancer un pipeline vers la côte ouest pour réduire la dépendance aux routes d'exportation américaines,"Avec un tarif américain de 50 % désormais sur la table, un pipeline vers le Pacifique cesse d'être un dossier énergétique pour devenir un levier stratégique. La logique est brutale : chaque baril que le Canada peut expédier vers l'Asie est un baril que Washington ne peut prendre en otage. Le hic, c'est le calendrier — un pipeline prend des années, les tarifs mordent en 30 jours; c'est donc une couverture pour le prochain affrontement, pas celui-ci."
2026-07-21,"Tuesday, 21 July 2026",17,RATES,"Bank of Canada holds the policy rate at 2.25%, leaving little cover for a tariff shock",Bank of Canada,bankofcanada.ca,https://www.bankofcanada.ca/2026/07/fad-press-release-2026-07-15/,"Holding at 2.25% just before the US tariff landed leaves the BoC boxed in: a tariff hit is both contractionary and inflationary, and the bank can't cut into an oil-driven price surge without stoking it. That's the trap behind the loonie's slide. Expect the next decision to be about which pain the bank is willing to tolerate, not which way it eases.",TAUX,"La Banque du Canada maintient le taux directeur à 2,25 %, laissant peu de marge face à un choc tarifaire","Un maintien à 2,25 % juste avant l'entrée en vigueur du tarif américain enferme la Banque du Canada : un choc tarifaire est à la fois récessif et inflationniste, et la banque ne peut abaisser ses taux face à une flambée des prix tirée par le pétrole sans l'alimenter. C'est le piège derrière la glissade du huard. Attendez-vous à ce que la prochaine décision porte sur la douleur que la banque acceptera, non sur le sens de l'assouplissement."
2026-07-21,"Tuesday, 21 July 2026",18,DEFENSE,NATO logs record defense spending in Europe and Canada ahead of the Ankara summit,NATO,nato.int,https://www.nato.int/en/news-and-events/articles/news/2026/07/07/defence-investment-update-record-spending-in-europe-and-canada,"Record allied spending is the market signal beneath the politics: a multi-year, structural demand pipeline for defense primes and their suppliers. For Canada specifically, hitting the target reframes defense outlays as industrial policy and leverage in the tariff fight. The opportunity is in the supply chain, not just the headline platforms.",DÉFENSE,L'OTAN enregistre des dépenses de défense records en Europe et au Canada avant le sommet d'Ankara,"Des dépenses alliées records, c'est le signal de marché sous la politique : un carnet de commandes pluriannuel et structurel pour les grands de la défense et leurs fournisseurs. Pour le Canada en particulier, atteindre la cible transforme les dépenses de défense en politique industrielle et en levier dans le bras de fer tarifaire. L'occasion se trouve dans la chaîne d'approvisionnement, pas seulement dans les plateformes vedettes."
2026-07-21,"Tuesday, 21 July 2026",19,MIDEAST,"Gaza's ceasefire exists 'only on paper' — over 1,150 killed since October, aid still choked",The National,thenationalnews.com,https://www.thenationalnews.com/news/mena/2026/07/21/gaza-residents-say-ceasefire-exists-only-on-paper-as-israeli-attacks-continue/,"A ceasefire with more than 1,150 dead since it began is a ceasefire in name only, and the gap between the paper deal and the ground reality is the real intelligence. It signals the US-brokered framework has no enforcement teeth while Washington is distracted by Iran. Discount any 'stability' narrative built on this truce.",MOYEN-ORIENT,"Le cessez-le-feu à Gaza n'existe « que sur le papier » — plus de 1 150 morts depuis octobre, l'aide toujours entravée","Un cessez-le-feu comptant plus de 1 150 morts depuis son entrée en vigueur n'en est un que de nom, et l'écart entre l'accord sur le papier et la réalité du terrain constitue le vrai renseignement. Il signale que le cadre négocié par les États-Unis n'a aucun pouvoir d'application pendant que Washington est distrait par l'Iran. Escomptez tout récit de « stabilité » bâti sur cette trêve."
2026-07-21,"Tuesday, 21 July 2026",20,POLITICS,Vance concedes the administration 'screwed up' its handling of the Epstein files,PBS NewsHour,pbs.org,https://www.pbs.org/newshour/politics/trump-administration-screwed-up-epstein-files-communication-vance-says,"A sitting VP admitting the comms were botched is damage control that concedes the wound is real — the Epstein file is a durable trust liability, not a passing news cycle. For anyone reading political risk, it's a crack in the base that rivals will keep pressing into the midterms. The signal is distraction: bandwidth spent here is bandwidth off governing during two wars.",POLITIQUE,Vance reconnaît que l'administration a « bâclé » la gestion des dossiers Epstein,"Un vice-président en exercice admettant que la communication a été bâclée, c'est une gestion de crise qui concède que la blessure est réelle — le dossier Epstein est un passif de confiance durable, non un simple cycle médiatique passager. Pour qui évalue le risque politique, c'est une fissure dans la base que les rivaux exploiteront jusqu'aux élections de mi-mandat. Le signal, c'est la distraction : le temps dépensé ici est autant de temps retiré à gouverner pendant deux guerres."
2026-07-22,"Wednesday, 22 July 2026",1,HORMUZ,US strikes Iran again as a tanker is hit in Hormuz; a 10-day ceasefire moves into focus,CNBC,cnbc.com,https://www.cnbc.com/2026/07/21/us-iran-war-trump-hormuz-houthis.html,"The war and its off-ramp are advancing at the same time — Washington is still striking while a 10-day ceasefire is floated. For any allocator, that means the Hormuz risk premium is not going away this week: price the volatility, not the resolution, until a deal is signed and holds.",HORMUZ,Nouvelles frappes américaines sur l'Iran; un pétrolier touché dans le détroit d'Ormuz; un cessez-le-feu de 10 jours se dessine,"La guerre et sa sortie avancent en même temps — Washington frappe encore tandis qu'un cessez-le-feu de 10 jours circule. Pour tout allocateur, la prime de risque d'Ormuz ne disparaîtra pas cette semaine : valorisez la volatilité, non le règlement, tant qu'un accord n'est pas signé et tenu."
2026-07-22,"Wednesday, 22 July 2026",2,BLOCKADE,US blockades Iranian ports and launches dozens of strikes as Trump seeks control of the Strait of Hormuz,CBS News,cbsnews.com,https://www.cbsnews.com/live-updates/us-iran-war-trump-ceasefire-attacks-strait-of-hormuz/,"A blockade is a step beyond raids — it is Washington trying to seize the chokepoint itself, not just punish transit through it. Owning Hormuz would reshape who sets the terms of Gulf energy flows, but it also strips Iran of any incentive to de-escalate; plan for a longer disruption, not a shorter one.",BLOCUS,"Les États-Unis bloquent les ports iraniens et lancent des dizaines de frappes, Trump cherchant à contrôler le détroit d'Ormuz","Un blocus dépasse les raids — c'est Washington qui tente de saisir le point de passage lui-même, non de sanctionner son transit. Contrôler Ormuz redéfinirait qui dicte les conditions des flux énergétiques du Golfe, mais retire à l'Iran toute raison de désescalader; anticipez une perturbation plus longue, non plus courte."
2026-07-22,"Wednesday, 22 July 2026",3,ENERGY,"Oil holds its war premium: WTI up 2% to about $85, Brent near $90",The Motley Fool,fool.com,https://www.fool.com/coverage/stock-market-today/2026/07/21/stock-market-today-july-21-micron-surges-12-as-semiconductor-strength-lifts-nasdaq/,"Crude is not spiking and fading — it is settling into a higher band while the fighting continues. Treat $85 WTI as the new working floor for planning, because every budget, margin, and inflation forecast built on cheaper energy is now stale.",ÉNERGIE,"Le pétrole conserve sa prime de guerre : le WTI gagne 2 % à environ 85 $, le Brent frôle 90 $","Le brut ne bondit pas pour retomber — il s'installe dans une fourchette plus haute pendant que les combats durent. Considérez le WTI à 85 $ comme le nouveau plancher de travail, car chaque budget, marge et prévision d'inflation bâti sur une énergie moins chère est désormais périmé."
2026-07-22,"Wednesday, 22 July 2026",4,CANADA,Trump hits Canada with a 50% tariff under a 1930 law; Carney and Trump agree to intensify talks,Al Jazeera,aljazeera.com,https://www.aljazeera.com/economy/2026/7/21/carney-says-he-and-trump-have-agreed-to-intensify-trade-negotiations,"Reviving a 1930 statute to justify a 50% wall on roughly $20B of goods signals tariffs are now a permanent lever, not a bargaining chip. Ottawa's exempted-oil carve-out shows where the real leverage sits; every Canadian exporter outside energy should model US access as a cost that keeps rising and accelerate diversification now.",CANADA,Trump frappe le Canada d'un tarif de 50 % en vertu d'une loi de 1930; Carney et Trump conviennent d'intensifier les pourparlers,"Ressusciter une loi de 1930 pour justifier un mur de 50 % sur près de 20 G$ de biens, c'est ériger le tarif en levier permanent, non en monnaie d'échange. L'exemption du pétrole montre où loge le vrai rapport de force; tout exportateur canadien hors énergie devrait modéliser l'accès américain comme un coût qui monte et accélérer sa diversification dès maintenant."
2026-07-22,"Wednesday, 22 July 2026",5,MARKETS,"Chip rally lifts Wall Street: Micron +12%, Sandisk +14%, S&P 500 up 0.9% to 7,509",The Motley Fool,fool.com,https://www.fool.com/coverage/stock-market-today/2026/07/21/stock-market-today-july-21-micron-surges-12-as-semiconductor-strength-lifts-nasdaq/,"A memory-led melt-up while a shooting war rages is the market compartmentalizing — AI demand is overriding geopolitics for now. That divergence is the risk: if the Hormuz premium finally bleeds into earnings, the same concentration lifting indices today will amplify the drop.",MARCHÉS,"La flambée des puces porte Wall Street : Micron +12 %, Sandisk +14 %, S&P 500 en hausse de 0,9 % à 7 509","Une envolée tirée par la mémoire pendant qu'une guerre fait rage, c'est le marché qui cloisonne — la demande d'IA l'emporte sur la géopolitique, pour l'instant. Cette divergence est le risque : si la prime d'Ormuz finit par ronger les bénéfices, la concentration qui hisse les indices aujourd'hui amplifiera la chute."
2026-07-22,"Wednesday, 22 July 2026",6,AI,"Nvidia discloses a 9.3% stake in AI-cloud firm Nebius, sending the stock sharply higher",Investing.com,investing.com,https://www.investing.com/news/stock-market-news/nvidia-discloses-93-stake-in-neocloud-computing-firm-nebius-4801817,"Nvidia funding the 'neoclouds' that buy its chips is the AI buildout financing its own demand — a flywheel that flatters growth but concentrates risk. When the supplier is also the shareholder and the customer, judge the sector's real health by end-demand, not by these circular investments.",IA,"Nvidia dévoile une participation de 9,3 % dans l'infonuagique d'IA Nebius, propulsant l'action","Nvidia finançant les « néoclouds » qui achètent ses puces, c'est la construction de l'IA qui finance sa propre demande — un volant d'inertie qui embellit la croissance mais concentre le risque. Quand le fournisseur est aussi actionnaire et client, jugez la santé réelle du secteur par la demande finale, non par ces investissements circulaires."
2026-07-22,"Wednesday, 22 July 2026",7,CHIPS,AMD climbs 8% on a fresh AI chip deal with Microsoft,The Motley Fool,fool.com,https://www.fool.com/coverage/stock-market-today/2026/07/21/stock-market-today-july-21-micron-surges-12-as-semiconductor-strength-lifts-nasdaq/,"A hyperscaler committing to AMD silicon is the first real crack in Nvidia's near-monopoly on AI compute. For anyone modeling the buildout, a credible second supplier changes pricing power and supply timelines — watch whether this is a hedge or the start of genuine competition.",PUCES,AMD grimpe de 8 % sur un nouvel accord de puces d'IA avec Microsoft,"Un hyperscaler qui s'engage sur les puces d'AMD, c'est la première vraie fissure dans le quasi-monopole de Nvidia sur le calcul d'IA. Pour qui modélise la construction, un second fournisseur crédible change le pouvoir de fixation des prix et les délais — surveillez si c'est une couverture ou le début d'une concurrence réelle."
2026-07-22,"Wednesday, 22 July 2026",8,BIG TECH,Alphabet reports Q2 tonight: Street eyes ~70% cloud growth against a $175–180B AI capex bill,Yahoo Finance,finance.yahoo.com,https://finance.yahoo.com/markets/stocks/articles/alphabet-q2-earnings-preview-expect-145910983.html,The number that matters is not EPS but whether $175B-plus of AI spending is finally converting to cloud revenue. Alphabet is the cleanest test of whether the hyperscaler capex boom pays off; a cloud miss here would reprice the entire AI-infrastructure trade.,GRANDE TECH,Alphabet publie son T2 ce soir : le marché guette une croissance infonuagique d'environ 70 % face à un capex d'IA de 175 à 180 G$,"Le chiffre qui compte n'est pas le BPA, mais si plus de 175 G$ de dépenses d'IA se convertissent enfin en revenus infonuagiques. Alphabet est le test le plus net de la rentabilité du boom de capex des hyperscalers; un ratage du nuage revaloriserait tout le pari sur l'infrastructure d'IA."
2026-07-22,"Wednesday, 22 July 2026",9,EV,"Tesla reports Q2 tonight after a record 480,126 deliveries — margins are the real question",Electrek,electrek.co,https://electrek.co/2026/07/21/tesla-tsla-q2-2026-earnings-preview/,"Record volume means little if Tesla bought it with discounts, so watch automotive gross margin excluding regulatory credits — the number that separates a strong quarter from a bought one. With the US EV tax credit gone, the profitability of every future delivery just got harder to defend.",VÉ,Tesla publie son T2 ce soir après un record de 480 126 livraisons — la marge est la vraie question,"Un volume record compte peu si Tesla l'a acheté à coups de rabais : surveillez la marge brute automobile hors crédits réglementaires — le chiffre qui distingue un trimestre solide d'un trimestre acheté. Le crédit d'impôt VÉ américain disparu, la rentabilité de chaque livraison future devient plus difficile à défendre."
2026-07-22,"Wednesday, 22 July 2026",10,AUTOS,"GM beats and raises: $48B revenue, $3.57 EPS, full-year net income guided up to $8.4–9.8B",GuruFocus,gurufocus.com,https://www.gurufocus.com/news/8968502/general-motors-gm-reports-strong-q2-earnings-raises-2026-guidance,A legacy automaker raising guidance into a tariff war is a real signal that pricing power and demand are holding better than the macro fear implies. GM clearing estimates while a 50% Canada tariff looms tells boards the consumer is not cracking yet — but that guidance assumes the trade shock stays contained.,AUTOS,"GM dépasse les attentes et relève : 48 G$ de revenus, BPA de 3,57 $, bénéfice net annuel relevé à 8,4–9,8 G$","Un constructeur traditionnel qui relève ses prévisions en pleine guerre tarifaire, c'est un vrai signal que le pouvoir de fixation des prix et la demande tiennent mieux que la peur macro ne le laisse croire. GM battant les attentes alors qu'un tarif canadien de 50 % menace indique aux conseils que le consommateur ne cède pas encore — mais cette prévision suppose que le choc commercial reste contenu."
2026-07-22,"Wednesday, 22 July 2026",11,ENERGY,Halliburton beats but falls 6% as Middle East revenue drops 11% on the Iran war,GuruFocus,gurufocus.com,https://www.gurufocus.com/news/8969297/halliburton-hal-reports-q2-earnings-faces-middle-east-sales-decline,"Here is the war showing up in a US balance sheet — Gulf oilfield activity is contracting even as crude prices rise. When a services giant beats on profit yet sinks on regional exposure, the market is telling you the conflict's economic damage is already spreading beyond the tanker lanes.",ÉNERGIE,Halliburton dépasse les attentes mais chute de 6 % : ses revenus au Moyen-Orient reculent de 11 % à cause de la guerre en Iran,"Voici la guerre qui apparaît dans un bilan américain — l'activité pétrolière du Golfe se contracte alors même que le brut monte. Quand un géant des services dépasse les profits mais coule sur son exposition régionale, le marché signale que les dégâts économiques du conflit débordent déjà des couloirs pétroliers."
2026-07-22,"Wednesday, 22 July 2026",12,UKRAINE,"Ukraine strikes deep into Moscow Oblast, hitting an oil depot and six Black Sea vessels",The Kyiv Independent,kyivindependent.com,https://kyivindependent.com/ukraine-war-latest-july-20-2026/,"Kyiv is escalating on Russia's own energy and logistics — over 400 kilometers inside, near Moscow — precisely as Western attention fixes on the Gulf. The strategy is to make the war visibly expensive for ordinary Russians; watch for a harder Russian response now that the capital region is in range.",UKRAINE,"L'Ukraine frappe loin dans l'oblast de Moscou, touchant un dépôt pétrolier et six navires en mer Noire","Kyiv monte d'un cran sur l'énergie et la logistique russes — à plus de 400 kilomètres à l'intérieur, près de Moscou — au moment précis où l'attention occidentale se fixe sur le Golfe. La stratégie : rendre la guerre visiblement coûteuse pour les Russes ordinaires; attendez-vous à une riposte russe plus dure maintenant que la région de la capitale est à portée."
2026-07-22,"Wednesday, 22 July 2026",13,GOLD,"Gold holds above $4,000 and is up nearly 20% on the year as havens stay bid",Yahoo Finance,finance.yahoo.com,https://finance.yahoo.com/personal-finance/investing/article/gold-prices-today-tuesday-july-21-2026-gold-hovers-above-4000-ahead-of-next-weeks-fed-meeting-153613363.html,"Gold near record levels while stocks also rise is the tell that big money is hedging, not celebrating — buying insurance even as it stays long risk. A near-20% annual run in the classic safe haven says the smart money expects the war, the tariffs, or inflation to break the calm; position accordingly.",OR,"L'or se maintient au-dessus de 4 000 $ et gagne près de 20 % sur l'année, les valeurs refuges restant recherchées","L'or proche de ses sommets pendant que les actions montent aussi, c'est le signe que les gros capitaux se couvrent, ne festoient pas — ils achètent une assurance tout en restant exposés au risque. Une hausse annuelle de près de 20 % de la valeur refuge classique dit que l'argent avisé s'attend à ce que la guerre, les tarifs ou l'inflation brisent le calme; positionnez-vous en conséquence."
2026-07-22,"Wednesday, 22 July 2026",14,FED,Fed meets next week under Trump pressure to cut — markets still expect a hold,CBS News,cbsnews.com,https://www.cbsnews.com/news/federal-reserve-powell-trump-fomc-interest-rate-meeting-july-30/,"With oil climbing and tariffs stacking, the Fed's inflation problem is getting worse, not better — the exact backdrop in which cutting is hardest to justify. The real risk for markets is not the July decision but a politicized Fed; watch the dissents and the language on tariffs, not just the rate.",FED,La Fed se réunit la semaine prochaine sous la pression de Trump pour baisser les taux — les marchés tablent toujours sur un statu quo,"Avec un pétrole qui grimpe et des tarifs qui s'accumulent, le problème d'inflation de la Fed empire — le contexte même où une baisse est la plus difficile à justifier. Le vrai risque pour les marchés n'est pas la décision de juillet mais une Fed politisée; surveillez les dissidences et le langage sur les tarifs, pas seulement le taux."
2026-07-22,"Wednesday, 22 July 2026",15,CHIPS,Samsung guides to a record quarter as AI memory and HBM demand surge,InsiderFinance,insiderfinance.io,https://www.insiderfinance.io/news/samsung-q2-2026-guidance-signals-record-quarter,The world's largest memory maker flagging a record quarter confirms the AI bottleneck has moved from GPUs to high-bandwidth memory. That is where the pricing power and the scarcity now sit — the read-through lifted Micron and Sandisk today and points to where the next supply squeeze bites.,PUCES,"Samsung anticipe un trimestre record, portée par la flambée de la demande de mémoire d'IA et de HBM",Le plus grand fabricant de mémoire au monde qui annonce un trimestre record confirme que le goulot d'étranglement de l'IA est passé des GPU à la mémoire à haute bande passante. C'est là que se trouvent désormais le pouvoir de fixation des prix et la rareté — l'effet a porté Micron et Sandisk aujourd'hui et indique où mordra la prochaine pénurie.
2026-07-22,"Wednesday, 22 July 2026",16,CHINA,"China posts its slowest quarterly growth since 2022 as investment slumps, fueling stimulus bets",CNBC,cnbc.com,https://www.cnbc.com/2026/07/15/china-gdp-retail-sales-investment-june-.html,"A stalling China is a global demand headwind that partly offsets the war's inflation push — softer Chinese growth means weaker pull on commodities and exports worldwide. For allocators, the tug-of-war between an oil shock and a China slowdown is the macro story of the second half; watch which force sets the direction.",CHINE,"La Chine affiche sa croissance trimestrielle la plus faible depuis 2022, l'investissement s'effondrant et alimentant les paris sur des mesures de relance","Une Chine qui cale, c'est un vent contraire pour la demande mondiale qui compense en partie la poussée inflationniste de la guerre — une croissance chinoise plus molle affaiblit l'appel sur les matières premières et les exportations partout. Pour les allocateurs, le bras de fer entre choc pétrolier et ralentissement chinois est le récit macro du second semestre; surveillez quelle force impose la direction."
2026-07-22,"Wednesday, 22 July 2026",17,TRADE,The EU–US 15% tariff regime is now in force — a benchmark that makes Canada's 50% look punitive,European Commission,commission.europa.eu,https://commission.europa.eu/topics/trade/eu-us-trade-deal_en,"With Europe settled at 15% and Canada now facing 50%, Washington is openly tiering its trading partners — and Ottawa is in the penalty box. That gap is a competitive disadvantage for Canadian exporters against European rivals selling into the same US market; it is a reason to close a deal fast or route around it.",COMMERCE,Le régime tarifaire de 15 % entre l'UE et les États-Unis est en vigueur — un repère qui fait paraître les 50 % du Canada punitifs,"Avec l'Europe fixée à 15 % et le Canada désormais visé par 50 %, Washington hiérarchise ouvertement ses partenaires commerciaux — et Ottawa est au banc des pénalités. Cet écart est un désavantage concurrentiel pour les exportateurs canadiens face aux rivaux européens vendant sur le même marché américain; une raison de conclure vite ou de contourner."
2026-07-22,"Wednesday, 22 July 2026",18,CRYPTO,Bitcoin and ether climb as risk appetite returns to markets,Yahoo Finance,finance.yahoo.com,https://finance.yahoo.com/personal-finance/investing/article/bitcoin-and-ethereum-prices-today-tuesday-july-21-2026-crypto-prices-rise-as-investors-risk-appetite-returns-152323748.html,"Crypto rallying alongside chips and gold shows a market buying everything — a sign of ample liquidity rather than conviction on any one asset. When risk-on and safe-haven trades rise together, be skeptical: it usually means cash is chasing returns, not that the fundamentals suddenly aligned.",CRYPTO,Le bitcoin et l'ether montent alors que l'appétit pour le risque revient sur les marchés,"La crypto qui grimpe aux côtés des puces et de l'or révèle un marché qui achète tout — signe de liquidité abondante plutôt que de conviction sur un actif. Quand les paris à risque et les valeurs refuges montent ensemble, méfiez-vous : c'est souvent que les liquidités courent après le rendement, non que les fondamentaux se sont alignés."
2026-07-22,"Wednesday, 22 July 2026",19,DEFENSE,AeroVironment jumps on a new US Army contract as drone demand accelerates,The Motley Fool,fool.com,https://www.fool.com/coverage/stock-market-today/2026/07/21/stock-market-today-july-21-micron-surges-12-as-semiconductor-strength-lifts-nasdaq/,Fresh Army money into a drone-maker is the procurement cycle catching up to how wars are now fought — from Ukraine's Black Sea strikes to the Gulf. Unmanned systems are the growth line in defense budgets; the contract flow here is a leading indicator of where military spending is structurally headed.,DÉFENSE,"AeroVironment bondit sur un nouveau contrat de l'armée américaine, la demande de drones s'accélérant","De l'argent frais de l'armée vers un fabricant de drones, c'est le cycle d'approvisionnement qui rattrape la façon dont on fait désormais la guerre — des frappes ukrainiennes en mer Noire jusqu'au Golfe. Les systèmes sans pilote sont la ligne de croissance des budgets de défense; le flux de contrats est un indicateur avancé de la direction structurelle des dépenses militaires."
2026-07-22,"Wednesday, 22 July 2026",20,CONSUMER,Coca-Cola reports Q2 this week — a clean read on whether pricing power still beats the squeezed consumer,MarketsDaily,themarketsdaily.com,https://www.themarketsdaily.com/2026/07/21/cocacola-ko-expected-to-post-quarterly-earnings-on-tuesday.html,"With tariffs and oil lifting input costs, Coke's results are a proxy for whether blue-chip brands can still pass price to households without losing volume. If the most defensive consumer name holds its margins, the inflation pass-through is working; if volumes slip, the household squeeze has reached even the staples.",CONSOMMATION,Coca-Cola publie son T2 cette semaine — un test net : le pouvoir de fixation des prix l'emporte-t-il encore sur le consommateur sous pression?,"Avec des tarifs et un pétrole qui gonflent les coûts, les résultats de Coke sont un baromètre : les grandes marques peuvent-elles encore répercuter les prix sur les ménages sans perdre de volume? Si le nom le plus défensif tient ses marges, la répercussion de l'inflation fonctionne; si les volumes fléchissent, la pression sur les ménages a atteint jusqu'aux produits de base."
2026-07-23,"Thursday, 23 July 2026",1,HORMUZ,Trump vows to destroy an Iranian bridge or power plant for every ship Iran hits in Hormuz,Axios,axios.com,https://www.axios.com/2026/07/22/trump-iran-bridges-power-plants-hormuz,"Tying US retaliation to a fixed formula — one piece of Iranian infrastructure per attacked vessel, with Tehran itself named as a target — turns each Hormuz incident into an automatic escalation trigger. For any allocator that removes the off-ramp: the conflict now compounds mechanically with every ship, so price a widening war, not a contained one.",HORMUZ,Trump promet de détruire un pont ou une centrale iranienne pour chaque navire touché par l'Iran dans le détroit d'Ormuz,"Lier les représailles américaines à une formule fixe — une infrastructure iranienne par navire attaqué, Téhéran même étant désigné comme cible — fait de chaque incident dans Ormuz un déclencheur d'escalade automatique. Pour tout allocateur, cela supprime la porte de sortie : le conflit s'aggrave désormais mécaniquement à chaque navire, alors valorisez une guerre qui s'élargit, non qui se contient."
2026-07-23,"Thursday, 23 July 2026",2,ENERGY,"Oil holds a war premium: Brent near $96, WTI around $88 as Hormuz risk reprices",Trading Economics,tradingeconomics.com,https://tradingeconomics.com/commodity/brent-crude-oil,"Crude is not spiking and fading — it is climbing into a higher band as the chokepoint standoff hardens, with analysts openly flagging $100. Treat Brent in the mid-$90s as the working assumption for planning, because every budget, margin, and inflation forecast built on cheaper energy is now stale.",ÉNERGIE,"Le pétrole conserve une prime de guerre : le Brent frôle 96 $, le WTI avoisine 88 $ alors qu'Ormuz se revalorise","Le brut ne bondit pas pour retomber — il grimpe vers une fourchette plus haute à mesure que le bras de fer sur le point de passage se durcit, des analystes évoquant ouvertement 100 $. Considérez un Brent dans les 90 $ comme l'hypothèse de travail, car chaque budget, marge et prévision d'inflation bâti sur une énergie moins chère est désormais périmé."
2026-07-23,"Thursday, 23 July 2026",3,BLOCKADE,Both Hormuz and Bab al-Mandeb close as the Houthis declare a naval blockade of Saudi Arabia,Al Jazeera,aljazeera.com,https://www.aljazeera.com/news/2026/7/22/iran-gulf-hit-as-hormuz-bab-al-mandeb-close-whats-the-latest,"With two Saudi tankers turned back in the Red Sea and the US on its eleventh straight night of strikes, the Gulf now has two closed exits, not one. That doubles the physical constraint on crude and refined-product flows; anyone dependent on Middle East barrels should assume rerouting, higher freight, and delivery delays through the quarter.",BLOCUS,Ormuz et Bab-el-Mandeb se ferment alors que les Houthis déclarent un blocus naval de l'Arabie saoudite,"Avec deux pétroliers saoudiens refoulés en mer Rouge et les États-Unis à leur onzième nuit consécutive de frappes, le Golfe compte désormais deux sorties fermées, non une. Cela double la contrainte physique sur les flux de brut et de produits raffinés; quiconque dépend des barils du Moyen-Orient devrait anticiper reroutages, hausse du fret et retards de livraison tout le trimestre."
2026-07-23,"Thursday, 23 July 2026",4,CANADA,US imposes a 50% tariff on about $20B of Canadian goods under a 1930 law; Carney and Trump agree to intensify talks,Al Jazeera,aljazeera.com,https://www.aljazeera.com/economy/2026/7/21/carney-says-he-and-trump-have-agreed-to-intensify-trade-negotiations,"Reaching back to Section 338 of the 1930 Tariff Act to wall off wine, dairy, furniture and hockey gear signals tariffs are now a standing instrument, not a bargaining chip. The list is only 5.2% of what the US buys from Canada — so the message is leverage, not revenue; every Canadian exporter should model US access as a rising cost and diversify now.",CANADA,Les États-Unis imposent un tarif de 50 % sur environ 20 G$ de biens canadiens en vertu d'une loi de 1930; Carney et Trump conviennent d'intensifier les pourparlers,"Ressusciter l'article 338 de la loi tarifaire de 1930 pour bloquer vin, produits laitiers, meubles et équipement de hockey signale que le tarif est désormais un instrument permanent, non une monnaie d'échange. La liste ne représente que 5,2 % de ce que les États-Unis achètent au Canada — le message est le rapport de force, non les recettes; tout exportateur canadien devrait modéliser l'accès américain comme un coût qui monte et diversifier dès maintenant."
2026-07-23,"Thursday, 23 July 2026",5,BIG TECH,"Alphabet beats with revenue up 24% and Cloud up 82%, but lifts 2026 AI capex toward $205B — shares fall about 5%",Yahoo Finance,finance.yahoo.com,https://finance.yahoo.com/markets/stocks/articles/googl-drops-nearly-5-hours-212540090.html,"The quarter proved the demand — Cloud accelerating to 82% on AI — yet the stock fell because management raised the spending bill to a record ~$205B and promised more in 2027. That is the whole AI trade in one print: revenue is real, but the capex is outrunning it, and the market is starting to demand the payback, not just the buildout.",GRANDE TECH,"Alphabet dépasse les attentes, revenus en hausse de 24 % et infonuagique de 82 %, mais relève son capex d'IA 2026 vers 205 G$ — l'action recule d'environ 5 %","Le trimestre a prouvé la demande — l'infonuagique accélérant à 82 % grâce à l'IA — mais l'action a chuté parce que la direction a relevé la facture de dépenses à un record d'environ 205 G$ et en a promis davantage en 2027. C'est tout le pari de l'IA en un chiffre : les revenus sont réels, mais le capex les dépasse, et le marché commence à exiger le rendement, non plus la seule construction."
2026-07-23,"Thursday, 23 July 2026",6,EV,Tesla posts record $28.2B revenue but profit craters: EPS $0.33 misses $0.53 as regulatory credits collapse 67%,Electrek,electrek.co,https://electrek.co/2026/07/22/tesla-tsla-q2-2026-financial-results/,Record revenue and deliveries could not hide a 57% collapse in operating income and a profit that missed by a third — the regulatory-credit gravy train that padded margins is gone with the US EV tax credit. Strip out the top-line record and the core auto business is barely profitable; the growth story now has to be told in margins Tesla no longer has.,VÉ,"Tesla affiche un revenu record de 28,2 G$ mais le profit s'effondre : BPA de 0,33 $ sous les 0,53 $ attendus, les crédits réglementaires chutant de 67 %",Un revenu et des livraisons records n'ont pu masquer un effondrement de 57 % du résultat d'exploitation et un profit inférieur d'un tiers aux attentes — la manne des crédits réglementaires qui gonflait les marges disparaît avec le crédit d'impôt VÉ américain. Retirez le record de chiffre d'affaires et l'activité automobile de base est à peine rentable; le récit de croissance doit désormais se raconter dans des marges que Tesla n'a plus.
2026-07-23,"Thursday, 23 July 2026",7,MARKETS,"Wall Street slips before the megacap earnings: S&P 500 at 7,499, Nasdaq at 25,691",The Motley Fool,fool.com,https://www.fool.com/coverage/stock-market-today/2026/07/22/stock-market-today-july-22-nasdaq-slides-prior-to-tesla-and-alphabet-s-earnings-after-market-close/,"Stocks eased into the Alphabet and Tesla prints as rising oil pressured growth names — a market pausing, not turning. With both reports landing soft on the read-throughs that matter, this quiet close was the calm before the AI-capex and margin questions get repriced; watch whether the megacaps drag or the breadth holds.",MARCHÉS,"Wall Street fléchit avant les résultats des géants : le S&P 500 à 7 499, le Nasdaq à 25 691","Les actions ont reflué avant les publications d'Alphabet et de Tesla, un pétrole en hausse pesant sur les valeurs de croissance — un marché qui marque une pause, non un retournement. Les deux résultats décevant sur les lectures qui comptent, cette clôture calme précédait la revalorisation des questions de capex d'IA et de marges; surveillez si les géants pèsent ou si l'ampleur du marché tient."
2026-07-23,"Thursday, 23 July 2026",8,CEASEFIRE,"Mediators float a 10-day cooling-off to reopen Hormuz on a ""service fee"" model; Trump has not accepted",Axios,axios.com,https://www.axios.com/2026/07/21/iran-war-ceasefire-proposal-trump-troops,"Qatar, Egypt, Pakistan and Oman are pitching a face-saving off-ramp — reopen both lanes, let Iran collect modest transit fees on a Malacca model — but Washington is still bombing and non-committal. The template for a deal now exists, which caps the tail risk; until Trump signs, though, price the volatility, not the resolution.",CESSEZ-LE-FEU,Des médiateurs proposent une trêve de 10 jours pour rouvrir Ormuz sur un modèle de « frais de service »; Trump n'a pas accepté,"Le Qatar, l'Égypte, le Pakistan et Oman proposent une sortie qui sauve la face — rouvrir les deux couloirs, laisser l'Iran percevoir de modestes frais de transit sur un modèle de Malacca — mais Washington bombarde toujours et reste évasif. Le canevas d'un accord existe désormais, ce qui plafonne le risque extrême; tant que Trump ne signe pas, valorisez la volatilité, non le règlement."
2026-07-23,"Thursday, 23 July 2026",9,WAR COST,"The war's bill mounts: 18 US troops dead, $37.5B spent, and a Pentagon request for $67B more",Al Jazeera,aljazeera.com,https://www.aljazeera.com/news/2026/7/22/iran-gulf-hit-as-hormuz-bab-al-mandeb-close-whats-the-latest,"Nearly five months in, the human and fiscal cost is climbing fast enough that the Pentagon wants to nearly double its outlay to replenish missiles. That request is the tell: Washington is planning for a longer, more expensive campaign, not a quick finish — a signal for defense allocations and for how long the oil premium persists.",COÛT DE GUERRE,"La facture de la guerre grimpe : 18 militaires américains tués, 37,5 G$ dépensés, et une demande du Pentagone de 67 G$ de plus","Près de cinq mois après le début, le coût humain et budgétaire grimpe assez vite pour que le Pentagone veuille presque doubler ses dépenses afin de reconstituer ses missiles. Cette demande est révélatrice : Washington prépare une campagne plus longue et plus coûteuse, non une fin rapide — un signal pour les budgets de défense et pour la durée de la prime pétrolière."
2026-07-23,"Thursday, 23 July 2026",10,GOLD,"Gold holds near $4,117 an ounce, up about 21% on the year as havens stay bid",Fortune,fortune.com,https://fortune.com/article/current-price-of-gold-07-22-2026/,"A near-21% annual run in the classic safe haven, holding above $4,000, is the market buying insurance against exactly the tail risks now stacking — war, tariffs, a politicized Fed. When gold is this strong while equities also hold, read it as hedging, not panic; the smart money expects something to break the calm.",OR,"L'or se maintient près de 4 117 $ l'once, en hausse d'environ 21 % sur l'année, les valeurs refuges restant recherchées","Une progression annuelle de près de 21 % de la valeur refuge classique, maintenue au-dessus de 4 000 $, c'est le marché qui achète une assurance contre précisément les risques extrêmes qui s'accumulent — guerre, tarifs, Fed politisée. Quand l'or est aussi fort alors que les actions tiennent aussi, lisez-y une couverture, non une panique; l'argent avisé s'attend à ce que quelque chose brise le calme."
2026-07-23,"Thursday, 23 July 2026",11,FED,"The Fed meets July 28-29 with markets pricing a hold — and the tail risk skewed to a hike, not a cut",Yahoo Finance,finance.yahoo.com,https://finance.yahoo.com/economy/policy/articles/fed-hike-interest-rates-july-060507499.html,"With oil climbing and tariffs stacking into prices, futures now put roughly a one-in-five chance on a hike and almost none on the cut Trump is demanding. That is the real story: the inflation backdrop has boxed the Fed in, and the market-versus-White-House gap on rates is the tension to watch, not the July decision itself.",FED,"La Fed se réunit les 28-29 juillet, les marchés tablant sur un statu quo — le risque penchant vers une hausse, non une baisse","Avec un pétrole qui grimpe et des tarifs qui s'inscrivent dans les prix, les contrats à terme accordent désormais environ une chance sur cinq à une hausse et presque aucune à la baisse que réclame Trump. Voilà le vrai sujet : le contexte inflationniste a coincé la Fed, et l'écart entre le marché et la Maison-Blanche sur les taux est la tension à surveiller, non la décision de juillet elle-même."
2026-07-23,"Thursday, 23 July 2026",12,RATES,The 10-year Treasury yield climbs to 4.63% as the 30-year hits its highest since 2007,The Motley Fool,fool.com,https://www.fool.com/coverage/stock-market-today/2026/07/22/stock-market-today-july-22-nasdaq-slides-prior-to-tesla-and-alphabet-s-earnings-after-market-close/,"Long rates are grinding higher even as growth wobbles — the bond market is pricing sticky inflation and heavy supply, not a rescue cut. A 30-year at post-2007 highs raises the cost of everything from mortgages to corporate refinancing; for anyone with a financing decision, the window on cheap long money keeps closing.",TAUX,"Le rendement du 10 ans américain grimpe à 4,63 %, le 30 ans atteignant son plus haut depuis 2007","Les taux longs montent malgré une croissance vacillante — le marché obligataire valorise une inflation tenace et une offre abondante, non une baisse de sauvetage. Un 30 ans à ses plus hauts depuis 2007 renchérit tout, des prêts hypothécaires au refinancement des entreprises; pour quiconque a une décision de financement, la fenêtre de l'argent long bon marché continue de se refermer."
2026-07-23,"Thursday, 23 July 2026",13,AI HARDWARE,Super Micro jumps about 26% on a record order backlog,The Motley Fool,fool.com,https://www.fool.com/coverage/stock-market-today/2026/07/22/stock-market-today-july-22-nasdaq-slides-prior-to-tesla-and-alphabet-s-earnings-after-market-close/,"A record backlog at the biggest AI-server assembler is the demand signal that survives the market's capex jitters — the orders are booked, not hoped for. While investors punish Alphabet for spending, they reward the company selling the racks that spending buys; the buildout's near-term momentum is still very much intact.",MATÉRIEL IA,Super Micro bondit d'environ 26 % sur un carnet de commandes record,"Un carnet de commandes record chez le plus grand assembleur de serveurs d'IA, c'est le signal de demande qui résiste aux inquiétudes du marché sur le capex — les commandes sont enregistrées, non espérées. Tandis que les investisseurs sanctionnent Alphabet pour ses dépenses, ils récompensent l'entreprise qui vend les baies que ces dépenses achètent; l'élan de la construction reste bien réel à court terme."
2026-07-23,"Thursday, 23 July 2026",14,M&A,"Repligen to buy BioLife Solutions for about $1.5B, deepening its cell-therapy franchise",GlobeNewswire,globenewswire.com,https://www.globenewswire.com/news-release/2026/07/22/3331162/0/en/repligen-to-acquire-biolife-solutions-expanding-its-cell-therapy-capabilities-with-market-leading-biopreservation-media.html,"At $31 a share and a 24% premium, this is bioprocessing consolidating around the pick-and-shovel suppliers to cell and gene therapy. For anyone tracking healthcare M&A, the signal is that strategic buyers are paying up for biopreservation and supply-chain control — the unglamorous infrastructure of the next therapeutic wave.",FUSIONS-ACQ.,"Repligen rachète BioLife Solutions pour environ 1,5 G$, renforçant sa franchise de thérapie cellulaire","À 31 $ l'action et une prime de 24 %, c'est le bioprocédé qui se consolide autour des fournisseurs d'outils de la thérapie cellulaire et génique. Pour qui suit les fusions-acquisitions en santé, le signal est que les acheteurs stratégiques paient cher la biopréservation et le contrôle de la chaîne d'approvisionnement — l'infrastructure discrète de la prochaine vague thérapeutique."
2026-07-23,"Thursday, 23 July 2026",15,AI,China's Moonshot AI seeks a $50B valuation in a pre-IPO round ahead of a possible Hong Kong listing,Quartz,qz.com,https://qz.com/moonshot-ai-pre-ipo-funding-50-billion-valuation-072126,"A jump from roughly $20B to a targeted $50B in two months, backed by Tencent, Meituan and state funds, shows Chinese AI is raising capital at Silicon Valley scale. For allocators the read-through is that the AI race is well-funded on both sides of the firewall — and a Hong Kong listing would give Western money a rare direct entry point.",IA,"Le chinois Moonshot AI vise une valorisation de 50 G$ dans un tour pré-IPO, en vue d'une possible cotation à Hong Kong","Un bond d'environ 20 G$ à une cible de 50 G$ en deux mois, soutenu par Tencent, Meituan et des fonds d'État, montre que l'IA chinoise lève des capitaux à l'échelle de la Silicon Valley. Pour les allocateurs, la lecture est que la course à l'IA est bien financée des deux côtés du pare-feu — et une cotation à Hong Kong offrirait à l'argent occidental un rare point d'entrée direct."
2026-07-23,"Thursday, 23 July 2026",16,DATA,Reddit falls about 8% on a report it is curbing Alphabet's access to its AI-training data,The Motley Fool,fool.com,https://www.fool.com/coverage/stock-market-today/2026/07/22/stock-market-today-july-22-nasdaq-slides-prior-to-tesla-and-alphabet-s-earnings-after-market-close/,"The drop looks backwards — restricting Google should strengthen Reddit's licensing hand — but it exposes how dependent the stock has become on a few data deals. The real signal is that proprietary human data is now a priced, contested asset; whoever controls the training corpus controls a chokepoint in the AI stack.",DONNÉES,Reddit chute d'environ 8 % sur une information selon laquelle elle restreint l'accès d'Alphabet à ses données d'entraînement d'IA,La chute paraît à contresens — restreindre Google devrait renforcer la position de Reddit en matière de licences — mais elle révèle à quel point l'action dépend de quelques accords de données. Le vrai signal est que les données humaines propriétaires sont désormais un actif valorisé et disputé; qui contrôle le corpus d'entraînement contrôle un goulot d'étranglement de la chaîne de l'IA.
2026-07-23,"Thursday, 23 July 2026",17,TELECOM,AT&T rises about 4% on an earnings beat as subscriber trends hold,The Motley Fool,fool.com,https://www.fool.com/coverage/stock-market-today/2026/07/22/stock-market-today-july-22-nasdaq-slides-prior-to-tesla-and-alphabet-s-earnings-after-market-close/,"A defensive telecom beating estimates and rising while growth names wobble is a small tell that the dividend-and-cash-flow trade is back in favor as rates stay high. When investors reward steady subscribers over speculative capex, it signals a rotation toward durability — worth noting for anyone positioning a portfolio for a higher-for-longer world.",TÉLÉCOMS,"AT&T grimpe d'environ 4 % sur des résultats supérieurs aux attentes, les tendances d'abonnés tenant","Un télécom défensif qui dépasse les attentes et monte pendant que les valeurs de croissance vacillent, c'est un petit signe que le pari sur le dividende et les flux de trésorerie revient en grâce alors que les taux restent élevés. Quand les investisseurs récompensent des abonnés stables plutôt qu'un capex spéculatif, cela signale une rotation vers la solidité — à noter pour qui positionne un portefeuille dans un monde de taux durablement hauts."
2026-07-23,"Thursday, 23 July 2026",18,UKRAINE,A war-of-attrition snapshot: Russia gained about 0.5% of Ukraine in a year as majorities on both sides now favor talks,Russia Matters,russiamatters.org,https://www.russiamatters.org/news/russia-ukraine-war-report-card/russia-ukraine-war-report-card-july-22-2026,"Twelve months of fighting bought Russia roughly half a percent of Ukraine — a stalemate priced in blood — while 64% of Russians and 66% of Ukrainians now say they want a negotiated end. That polling shift is the leading indicator: the conditions for a deal are forming underneath a frozen front, even as Western attention fixes on the Gulf.",UKRAINE,"Instantané d'une guerre d'usure : la Russie a gagné environ 0,5 % de l'Ukraine en un an, des majorités des deux camps favorisant désormais des pourparlers","Douze mois de combats ont valu à la Russie environ un demi pour cent de l'Ukraine — une impasse payée dans le sang — tandis que 64 % des Russes et 66 % des Ukrainiens disent désormais vouloir une fin négociée. Ce virage des sondages est l'indicateur avancé : les conditions d'un accord se forment sous un front figé, alors même que l'attention occidentale se fixe sur le Golfe."
2026-07-23,"Thursday, 23 July 2026",19,CANADA,"The Bank of Canada holds its policy rate at 2.25%, warning an oil spike could force hikes",Bank of Canada,bankofcanada.ca,https://www.bankofcanada.ca/2026/07/fad-press-release-2026-07-15/,"Ottawa's central bank is on hold as growth rebounds, but Governor Macklem explicitly left the door open to hikes if the Hormuz war drives energy higher. That is the bind for Canada: the same oil strength cushioning its exports could reignite inflation and rates — a two-sided exposure every Canadian borrower and exporter should be planning around.",CANADA,"La Banque du Canada maintient son taux directeur à 2,25 %, avertissant qu'une flambée du pétrole pourrait forcer des hausses","La banque centrale du pays fait une pause à mesure que la croissance rebondit, mais le gouverneur Macklem a explicitement laissé la porte ouverte à des hausses si la guerre d'Ormuz pousse l'énergie plus haut. Voilà le dilemme canadien : la même vigueur pétrolière qui amortit ses exportations pourrait raviver l'inflation et les taux — une exposition à double tranchant que tout emprunteur et exportateur canadien devrait anticiper."
2026-07-23,"Thursday, 23 July 2026",20,BATTERY,Battery-materials maker Sila raises $300M to scale US silicon-anode production in Washington State,Tech Startups,techstartups.com,https://techstartups.com/2026/07/21/venture-capital-startup-funding-roundup-july-21-2026-bosch-tiger-global-finsight-ventures-atreides-management-and-coinbase/,"A $300M round for domestic silicon-anode capacity is the energy-security thesis reaching batteries — an explicit bid to build a US alternative to Chinese anode processing. As tariffs and supply-chain risk climb, capital is flowing to onshore critical-materials plays; watch this as a template for where reshoring money goes next.",BATTERIES,Le fabricant de matériaux de batteries Sila lève 300 M$ pour développer sa production d'anodes au silicium dans l'État de Washington,"Un tour de 300 M$ pour une capacité nationale d'anodes au silicium, c'est la thèse de sécurité énergétique qui atteint les batteries — une tentative explicite de bâtir une solution de rechange américaine au traitement chinois des anodes. À mesure que montent les tarifs et le risque d'approvisionnement, les capitaux affluent vers les matériaux critiques relocalisés; surveillez-le comme un modèle de la prochaine destination de l'argent de la relocalisation."
2026-07-23,"Thursday, 23 July 2026",21,CRYPTO,"Bitcoin trades near $66,000 and ether around $1,920 as risk appetite wavers",Yahoo Finance,finance.yahoo.com,https://finance.yahoo.com/personal-finance/investing/article/bitcoin-and-ethereum-prices-today-wednesday-july-22-2026-both-cryptos-open-higher-before-losing-steam-153454067.html,"Crypto opened higher but gave back the gains as oil and yields climbed — a tell that these assets still trade as high-beta risk, not the promised hedge. When bitcoin fades on the same days havens like gold rise, it is a reminder to size it as a liquidity play, not insurance, in a war-and-inflation tape.",CRYPTO,Le bitcoin s'échange près de 66 000 $ et l'ether autour de 1 920 $ alors que l'appétit pour le risque hésite,"La crypto a ouvert en hausse mais a rendu ses gains à mesure que le pétrole et les rendements montaient — signe que ces actifs se négocient toujours comme un risque à fort bêta, non comme la couverture promise. Quand le bitcoin reflue les jours mêmes où des refuges comme l'or montent, c'est un rappel de le dimensionner comme un pari de liquidité, non une assurance, dans un contexte de guerre et d'inflation."
2026-07-23,"Thursday, 23 July 2026",22,AI FUNDING,Meshy raises a $400M Series B at a $1.5B valuation for AI 3D-asset creation,Tech Startups,techstartups.com,https://techstartups.com/2026/07/21/venture-capital-startup-funding-roundup-july-21-2026-bosch-tiger-global-finsight-ventures-atreides-management-and-coinbase/,"A billion-and-a-half-dollar valuation for AI-generated 3D assets — plugging into Unity, Unreal and Blender — shows the generative wave moving from text and images into the production pipelines of games and film. For anyone in media or design, the cost curve for 3D content is about to bend hard; plan tooling and headcount around it.",FINANCEMENT IA,"Meshy lève 400 M$ en série B à une valorisation de 1,5 G$ pour la création d'actifs 3D par IA","Une valorisation d'un milliard et demi pour des actifs 3D générés par IA — intégrés à Unity, Unreal et Blender — montre la vague générative passant du texte et de l'image aux chaînes de production du jeu vidéo et du cinéma. Pour qui œuvre dans les médias ou le design, la courbe des coûts du contenu 3D est sur le point de plier fortement; planifiez outils et effectifs en conséquence."
2026-07-24,"Friday, 24 July 2026",1,OIL SHOCK,Oil tops $100 for the first time since May after Houthi attacks on Saudi tankers in the Red Sea,The National,thenationalnews.com,https://www.thenationalnews.com/business/energy/2026/07/23/oil-hits-100-for-the-first-time-since-may-after-houthi-attacks-on-saudi-ships-in-red-sea/,"Brent jumped 6.45% to $101.10 and WTI to $91.49 after the Encelia was set ablaze in the Red Sea, taking crude up more than 30% for July. This is no longer a headline spike — it is a second chokepoint pricing itself in, and Goldman is openly modelling $120 by Q4. Every budget, margin and inflation forecast built on cheaper energy is now obsolete; rebuild them at $100-plus.",CHOC PÉTROLIER,Le pétrole franchit 100 $ pour la première fois depuis mai après des attaques houthies sur des pétroliers saoudiens en mer Rouge,"Le Brent a bondi de 6,45 % à 101,10 $ et le WTI à 91,49 $ après l'incendie de l'Encelia en mer Rouge, portant le brut à plus de 30 % de hausse en juillet. Ce n'est plus un simple pic médiatique — c'est un deuxième point de passage qui se valorise, et Goldman évoque ouvertement 120 $ au quatrième trimestre. Chaque budget, marge et prévision d'inflation bâti sur une énergie bon marché est désormais périmé; refaites-les à 100 $ et plus."
2026-07-24,"Friday, 24 July 2026",2,TARIFFS,"Trump's new tariffs take effect, hitting roughly 99% of US imports at 10% to 12.5%",Yahoo Finance,finance.yahoo.com,https://finance.yahoo.com/markets/live/stock-market-today-friday-july-24-dow-sp-500-nasdaq-081854465.html,"A tariff wall touching about 99.4% of imports at 10-12.5% went live today — a near-universal consumption tax layered on top of a $100 oil shock. This is the second inflation impulse hitting at once: importers eat the cost or pass it on, and either way it lands in margins or in prices within a quarter. Treat landed costs as structurally higher and reprice contracts now, not at renewal.",TARIFS,"Les nouveaux tarifs de Trump entrent en vigueur, frappant environ 99 % des importations américaines à des taux de 10 % à 12,5 %","Un mur tarifaire touchant environ 99,4 % des importations à 10-12,5 % est entré en vigueur aujourd'hui — une taxe à la consommation quasi universelle superposée à un choc pétrolier à 100 $. C'est la deuxième impulsion inflationniste qui frappe simultanément : les importateurs absorbent le coût ou le répercutent, et dans les deux cas il atteint les marges ou les prix en un trimestre. Considérez les coûts rendus comme structurellement plus élevés et renégociez les contrats maintenant, non à l'échéance."
2026-07-24,"Friday, 24 July 2026",3,CANADA,"Trump hits Canada with a 10% tariff — plus 50% on wine, hockey sticks and cement — as Carney says ""everything is on the table""",BNN Bloomberg,bnnbloomberg.ca,https://www.bnnbloomberg.ca/tariffs/2026/07/24/everything-is-on-the-table-in-us-trade-talks-pm-carney-trump-hits-canada-with-10-tariffs/,"Carney is intensifying talks toward a comprehensive deal on a 30-day clock to August 19, with the premiers unified and a $1.5B fund already backstopping B.C. exporters. CUSMA-compliant goods may be spared, but the direction is set: US market access is now a rising, politicised cost, not a given. Canadian exporters should model the tariff as permanent and accelerate diversification rather than wait on the negotiation.",CANADA,"Trump frappe le Canada d'un tarif de 10 % — et de 50 % sur le vin, les bâtons de hockey et le ciment — tandis que Carney affirme que « tout est sur la table »","Carney intensifie les pourparlers vers un accord global sur un compte à rebours de 30 jours jusqu'au 19 août, les premiers ministres faisant front commun et un fonds de 1,5 G$ soutenant déjà les exportateurs de la Colombie-Britannique. Les biens conformes à l'ACEUM pourraient être épargnés, mais l'orientation est fixée : l'accès au marché américain est désormais un coût croissant et politisé, non un acquis. Les exportateurs canadiens devraient modéliser le tarif comme permanent et accélérer leur diversification plutôt que d'attendre l'issue de la négociation."
2026-07-24,"Friday, 24 July 2026",4,MARKETS,Wall Street heads for a weekly loss after the Alphabet and Tesla rout; futures steady with the Dow up about 226 points,Yahoo Finance,finance.yahoo.com,https://finance.yahoo.com/markets/live/stock-market-today-friday-july-24-dow-sp-500-nasdaq-081854465.html,"Futures firmed on Friday — S&P around 7,460, Dow up 0.44% — but the indexes are still on track for a losing week after Thursday's megacap-led decline. The tape is digesting the AI-capex bill and a live oil-and-tariff double shock at once. Read the steadier open as a pause, not an all-clear; the repricing of margins and rate expectations is only starting.",MARCHÉS,"Wall Street se dirige vers une perte hebdomadaire après la déroute d'Alphabet et de Tesla; les contrats à terme se stabilisent, le Dow gagnant environ 226 points","Les contrats à terme se sont raffermis vendredi — le S&P autour de 7 460, le Dow en hausse de 0,44 % — mais les indices restent en voie de clôturer la semaine en baisse après le recul mené par les géants jeudi. Le marché digère à la fois la facture du capex d'IA et un double choc en direct — pétrole et tarifs. Lisez l'ouverture plus stable comme une pause, non un feu vert; la revalorisation des marges et des attentes de taux ne fait que commencer."
2026-07-24,"Friday, 24 July 2026",5,WAR FUNDING,House Republicans adopt a $95 billion package for the Iran war and Trump's priorities,PBS NewsHour,pbs.org,https://www.pbs.org/newshour/politics/house-republicans-adopt-95-billion-package-for-the-iran-war-and-trumps-priorities,"Congress moving $95B to fund the Iran campaign is the tell that Washington is provisioning for a long war, not an exit. That is a durable bid under defense and munitions names and a structural driver of the deficit and the term premium. The fiscal commitment, not the next strike, is the signal to plan around — the oil premium and higher-for-longer rates now have a budget line behind them.",FINANCEMENT DE GUERRE,Les républicains de la Chambre adoptent un plan de 95 G$ pour la guerre contre l'Iran et les priorités de Trump,"Le Congrès qui débloque 95 G$ pour financer la campagne contre l'Iran, c'est le signe que Washington s'équipe pour une guerre longue, non pour une sortie. C'est un soutien durable pour les valeurs de la défense et des munitions et un moteur structurel du déficit et de la prime de terme. L'engagement budgétaire, non la prochaine frappe, est le signal à anticiper — la prime pétrolière et des taux durablement élevés ont désormais une ligne budgétaire derrière eux."
2026-07-24,"Friday, 24 July 2026",6,IRAN,The US completes a 12th consecutive night of strikes on Iranian maritime and air-defense targets,The National,thenationalnews.com,https://www.thenationalnews.com/business/energy/2026/07/23/oil-hits-100-for-the-first-time-since-may-after-houthi-attacks-on-saudi-ships-in-red-sea/,"Twelve straight nights of bombing aimed at Iran's ability to threaten shipping shows a campaign settling into a grinding rhythm, not building toward a decisive end. Sustained tempo means the oil premium is a floor, not a spike — the risk is embedded until the strikes stop. Plan for a conflict measured in months, and treat every ceasefire headline as a trade, not a resolution.",IRAN,Les États-Unis achèvent une douzième nuit consécutive de frappes sur des cibles maritimes et de défense aérienne iraniennes,"Douze nuits consécutives de bombardements visant la capacité de l'Iran à menacer la navigation montrent une campagne qui s'installe dans un rythme d'usure, non qui converge vers une fin décisive. Une cadence soutenue signifie que la prime pétrolière est un plancher, non un pic — le risque est incrusté tant que les frappes ne cessent pas. Prévoyez un conflit qui se compte en mois et traitez chaque manchette de cessez-le-feu comme une opportunité de marché, non un règlement."
2026-07-24,"Friday, 24 July 2026",7,SHIPPING,Five Saudi tankers divert as the Houthis' Red Sea blockade forces reroutes toward Suez,The National,thenationalnews.com,https://www.thenationalnews.com/business/energy/2026/07/23/oil-hits-100-for-the-first-time-since-may-after-houthi-attacks-on-saudi-ships-in-red-sea/,"Five Saudi tankers changed course after the Houthi ""maritime embargo"" — four bound for Bab al-Mandeb rerouted to Suez, one reversed in the Gulf of Aden — with cargoes to China and India hit. This is the physical constraint behind the price: longer voyages, higher freight, and delivery delays through the quarter. Anyone dependent on Gulf barrels or Red Sea lanes should lock in logistics and buffer inventory now.",TRANSPORT MARITIME,Cinq pétroliers saoudiens se détournent alors que le blocus houthi en mer Rouge force des reroutages vers Suez,"Cinq pétroliers saoudiens ont changé de cap après l'« embargo maritime » houthi — quatre en route vers Bab-el-Mandeb reroutés vers Suez, un ayant fait demi-tour dans le golfe d'Aden — les cargaisons vers la Chine et l'Inde étant touchées. Voilà la contrainte physique derrière le prix : traversées plus longues, fret plus cher et retards de livraison tout le trimestre. Quiconque dépend des barils du Golfe ou des couloirs de la mer Rouge devrait verrouiller sa logistique et se constituer des stocks tampons dès maintenant."
2026-07-24,"Friday, 24 July 2026",8,CHIPS,Intel swings to a profit with revenue up 25% and EPS double estimates; shares jump about 13% after hours,TradingKey,tradingkey.com,https://www.tradingkey.com/analysis/stocks/us-stocks/262050823-intel-earnings-report-q2-2026-intc-ai-data-center-intel-foundry-tradingkey,"Intel's turnaround finally showed up in the numbers — revenue up 25%, a swing back to profit, and adjusted EPS at double the estimate on data-center and foundry demand. After a brutal multi-year stretch, this is the first hard evidence the AI buildout is lifting the laggard, not just the leaders. For anyone who wrote Intel off, the read is that the AI-hardware trade is broadening beyond Nvidia — reassess the whole silicon supply chain.",PUCES,"Intel renoue avec les bénéfices, un revenu en hausse de 25 % et un BPA double des attentes; l'action bondit d'environ 13 % après la clôture","Le redressement d'Intel s'est enfin traduit dans les chiffres — revenu en hausse de 25 %, retour aux bénéfices et BPA ajusté au double de l'estimation, portés par la demande des centres de données et de la fonderie. Après plusieurs années brutales, c'est la première preuve tangible que la construction de l'IA soulève le retardataire, et non seulement les chefs de file. Pour quiconque avait enterré Intel, la lecture est que le pari sur le matériel d'IA s'élargit au-delà de Nvidia — réévaluez toute la chaîne d'approvisionnement du silicium."
2026-07-24,"Friday, 24 July 2026",9,ECB,"The ECB holds its deposit rate at 2.25%, citing Middle East energy volatility",European Central Bank,ecb.europa.eu,https://www.ecb.europa.eu/press/pr/date/2026/html/ecb.mp260723~29f24d99bc.en.html,"Frankfurt held all three rates and flagged energy prices ""well above"" pre-conflict levels — a central bank pinned in place by the same oil shock hitting everyone. The message is symmetry with the Fed: no help from rate cuts while a war premium sits in the inflation data. For euro-zone borrowers and treasurers, plan on 2.25% as the floor and finance accordingly, because the next move is data-dependent and could go either way.",BCE,"La BCE maintient son taux de dépôt à 2,25 %, invoquant la volatilité énergétique liée au Moyen-Orient","Francfort a maintenu ses trois taux et signalé des prix de l'énergie « bien au-dessus » des niveaux d'avant-conflit — une banque centrale immobilisée par le même choc pétrolier qui frappe tout le monde. Le message est une symétrie avec la Fed : aucun secours par des baisses de taux tant qu'une prime de guerre loge dans les données d'inflation. Pour les emprunteurs et trésoriers de la zone euro, tablez sur 2,25 % comme plancher et financez en conséquence, car le prochain mouvement dépend des données et pourrait aller dans les deux sens."
2026-07-24,"Friday, 24 July 2026",10,ENERGY,"Crude eases back below $99 on Friday, down about 2% as ceasefire hopes and profit-taking cool the spike",Yahoo Finance,finance.yahoo.com,https://finance.yahoo.com/markets/live/stock-market-today-friday-july-24-dow-sp-500-nasdaq-081854465.html,"Brent slipped back under $99 today, down roughly 2%, as traders banked gains and leaned on ceasefire chatter. Do not mistake the pullback for a top: with two chokepoints contested and strikes ongoing, this is volatility around a higher base, not a return to calm. The trading range has reset to the high-$90s — hedge the whipsaw rather than betting on a clean de-escalation.",ÉNERGIE,"Le brut reflue sous 99 $ vendredi, en baisse d'environ 2 %, les espoirs de cessez-le-feu et les prises de bénéfices refroidissant le pic","Le Brent est repassé sous 99 $ aujourd'hui, en baisse d'environ 2 %, les opérateurs encaissant des gains et s'appuyant sur les rumeurs de cessez-le-feu. Ne confondez pas ce repli avec un sommet : avec deux points de passage disputés et des frappes en cours, il s'agit de volatilité autour d'une base plus haute, non d'un retour au calme. La fourchette de négociation s'est réajustée dans le haut des 90 $ — couvrez les à-coups plutôt que de parier sur une désescalade nette."
2026-07-24,"Friday, 24 July 2026",11,DIPLOMACY,"A 10-day cooling-off to reopen the strait stays in focus, but Trump has yet to accept it",CNBC,cnbc.com,https://www.cnbc.com/2026/07/21/us-iran-war-trump-hormuz-houthis.html,"Mediators keep pushing a 10-day pause to reopen shipping, and Iran has floated its own version — but Washington is still bombing and non-committal. The template for an off-ramp exists, which caps the worst tail, yet nothing is signed. Until it is, price the volatility, not the resolution; a genuine deal would be the single biggest downside catalyst for oil, so keep the hedge asymmetric.",DIPLOMATIE,"Une trêve de 10 jours pour rouvrir le détroit reste à l'étude, mais Trump ne l'a pas encore acceptée","Les médiateurs continuent de proposer une pause de 10 jours pour rouvrir la navigation, et l'Iran a avancé sa propre version — mais Washington bombarde toujours et reste évasif. Le canevas d'une sortie existe, ce qui plafonne le pire scénario, mais rien n'est signé. D'ici là, valorisez la volatilité, non le règlement; un accord véritable serait le plus grand catalyseur baissier pour le pétrole, alors gardez une couverture asymétrique."
2026-07-24,"Friday, 24 July 2026",12,GOLD,"Gold trades near $4,075, off 1.9% on the day but still up almost 19% over the year",Yahoo Finance,finance.yahoo.com,https://finance.yahoo.com/personal-finance/investing/article/gold-prices-today-thursday-july-23-2026-gold-price-opens-below-4100-as-inflation-worries-clash-with-safe-haven-demand-153539220.html,"Gold near $4,075 and up nearly 19% on the year is torn between two forces — the risk of higher rates versus a wall of geopolitical instability. The daily dip is noise; the annual run is the signal, and it says the market is paying up for insurance against war, tariffs and a politicised Fed all at once. Treat gold as the hedge that is already working, not a call to chase the top.",OR,"L'or se négocie près de 4 075 $, en baisse de 1,9 % sur la journée mais toujours en hausse de près de 19 % sur l'année","L'or près de 4 075 $ et en hausse de près de 19 % sur l'année est tiraillé entre deux forces — le risque de taux plus élevés contre un mur d'instabilité géopolitique. Le recul du jour est du bruit; la progression annuelle est le signal, et il indique que le marché paie cher une assurance contre la guerre, les tarifs et une Fed politisée à la fois. Traitez l'or comme la couverture qui fonctionne déjà, non comme une invitation à courir après le sommet."
2026-07-24,"Friday, 24 July 2026",13,ENTERPRISE TECH,IBM cuts its 2026 revenue outlook to 4–5% growth after a second-quarter miss,Quartz,qz.com,https://qz.com/ibm-cuts-full-year-revenue-outlook-second-quarter-earnings-miss-072326,"IBM trimmed its full-year target from above 5% to 4–5% after a Q2 that fell short — a cautionary counterpoint to Intel's beat. The split screen is the real story: AI is rewarding the hardware and infrastructure layer while enterprise software and consulting see slower conversion. For allocators, it argues for owning the picks-and-shovels of AI over the incumbents still working out how to monetise it.",TECH ENTREPRISE,IBM abaisse ses perspectives de revenus 2026 à une croissance de 4 à 5 % après un deuxième trimestre décevant,"IBM a réduit sa cible annuelle de plus de 5 % à 4-5 % après un deuxième trimestre en deçà des attentes — un contrepoint prudent au dépassement d'Intel. L'écran partagé est le vrai sujet : l'IA récompense la couche matérielle et infrastructurelle tandis que les logiciels d'entreprise et le conseil peinent à convertir. Pour les allocateurs, cela plaide pour détenir les fournisseurs d'outils de l'IA plutôt que les acteurs établis qui cherchent encore à la monétiser."
2026-07-24,"Friday, 24 July 2026",14,UKRAINE,Zelensky ousts army chief Syrskyi and installs Gen. Drapatyi after a week of protests,CNN,cnn.com,https://edition.cnn.com/2026/07/22/europe/ukraine-new-military-chief-zelensky-drapatyi-intl,"Under street pressure, Zelensky replaced his commander-in-chief with a younger, war-hardened general — a leadership shake-up on a front that has barely moved in a year. The change signals domestic strain as much as battlefield strategy, and it lands as majorities on both sides now say they want talks. Watch the command reshuffle as an early marker that Kyiv is repositioning for a negotiated phase, even with Western attention fixed on the Gulf.",UKRAINE,Zelensky limoge le chef de l'armée Syrsky et nomme le général Drapaty après une semaine de manifestations,"Sous la pression de la rue, Zelensky a remplacé son commandant en chef par un général plus jeune et aguerri — un remaniement au sommet sur un front qui a à peine bougé en un an. Le changement traduit une tension intérieure autant qu'une stratégie de terrain, et il survient alors que des majorités des deux camps disent désormais vouloir des pourparlers. Voyez ce remaniement comme un premier indice que Kyiv se repositionne pour une phase négociée, même si l'attention occidentale reste rivée sur le Golfe."
2026-07-24,"Friday, 24 July 2026",15,CANADA MACRO,"Canada's inflation eases to 2.8% in June, giving the Bank of Canada room to hold",RBC Economics,rbc.com,https://www.rbc.com/en/economics/canadian-analysis/data-flashes/canadian-inflation-eases-in-june/,"Headline CPI slowed to 2.8% from 3.2% and core measures held near 1.9%, with a 10% monthly drop in gasoline doing the heavy lifting. That is the catch: the cooling was driven by energy just as oil breaks $100 — a June relief that July may erase. RBC still sees the Bank on hold all year, but the tariff-and-oil pipeline means the next print could turn; Canadian borrowers should not extrapolate this easing.",MACRO CANADA,"L'inflation au Canada ralentit à 2,8 % en juin, donnant à la Banque du Canada une marge pour patienter","L'IPC global a ralenti à 2,8 % contre 3,2 %, les mesures de base se maintenant près de 1,9 %, une baisse mensuelle de 10 % de l'essence faisant l'essentiel du travail. Voilà le piège : le refroidissement a été porté par l'énergie au moment même où le pétrole franchit 100 $ — un répit de juin que juillet pourrait effacer. RBC voit toujours la Banque en pause toute l'année, mais le canal tarifs-pétrole signifie que la prochaine donnée pourrait s'inverser; les emprunteurs canadiens ne devraient pas extrapoler ce ralentissement."
2026-07-24,"Friday, 24 July 2026",16,CRYPTO,"Bitcoin slips toward $65,400 as the war-and-tariff tape saps risk appetite",Yahoo Finance,finance.yahoo.com,https://finance.yahoo.com/markets/live/stock-market-today-friday-july-24-dow-sp-500-nasdaq-081854465.html,"Bitcoin eased to about $65,400 while gold's annual gain holds — the clearest tell that crypto still trades as high-beta risk, not the hedge it is marketed as. On days when war and tariffs push havens up and bitcoin down, the correlation speaks for itself. Size it as a liquidity and risk position, not as insurance, in a tape defined by geopolitics and inflation.",CRYPTO,Le bitcoin glisse vers 65 400 $ alors que le contexte de guerre et de tarifs érode l'appétit pour le risque,"Le bitcoin a reflué à environ 65 400 $ tandis que le gain annuel de l'or tient — le signe le plus net que la crypto se négocie toujours comme un risque à fort bêta, non comme la couverture qu'on lui prête. Les jours où la guerre et les tarifs font monter les refuges et baisser le bitcoin, la corrélation parle d'elle-même. Dimensionnez-le comme une position de liquidité et de risque, non comme une assurance, dans un marché défini par la géopolitique et l'inflation."
2026-07-24,"Friday, 24 July 2026",17,CANADA CONSUMER,Canadian retail sales rise 1% in May as consumer spending broadens,Statistics Canada,statcan.gc.ca,https://www150.statcan.gc.ca/n1/daily-quotidien/260723/dq260723a-eng.htm,"Retail sales climbed 1% in May with the gains broadening across categories — a Canadian consumer still spending as the trade fight escalates. That resilience is a cushion for domestic demand, but it also gives the Bank of Canada less reason to cut into a tariff shock. Read it as a two-sided signal: a healthier consumer today, but one about to meet higher import prices tomorrow.",CONSOMMATION CANADA,Les ventes au détail au Canada augmentent de 1 % en mai à mesure que les dépenses des consommateurs s'élargissent,"Les ventes au détail ont grimpé de 1 % en mai, les gains s'élargissant à l'ensemble des catégories — un consommateur canadien qui dépense encore alors que le conflit commercial s'intensifie. Cette résilience est un coussin pour la demande intérieure, mais elle donne aussi à la Banque du Canada moins de raisons de baisser les taux face à un choc tarifaire. Voyez-y un signal à double tranchant : un consommateur en meilleure santé aujourd'hui, mais qui s'apprête à rencontrer des prix à l'importation plus élevés demain."
2026-07-24,"Friday, 24 July 2026",18,ISRAEL,Israel releases 35 detainees from Gaza as attention shifts to the Gulf,Al Jazeera,aljazeera.com,https://www.aljazeera.com/video/newsfeed/2026/7/23/israel-releases-35-detainees-from-gaza,"Israel freed 35 Gaza detainees even as the region's focus swings to the US-Iran war — a small de-escalatory step on a front that has quieted while the Gulf burns. With Israel sitting out the US bombing campaign, the theatre of risk has shifted decisively to Hormuz and the Red Sea. For risk managers, the takeaway is that the Middle East premium is now concentrated in shipping and energy, not the Israel-Gaza axis.",ISRAËL,Israël libère 35 détenus de Gaza alors que l'attention se déplace vers le Golfe,"Israël a libéré 35 détenus de Gaza alors même que l'attention régionale se tourne vers la guerre américano-iranienne — un petit pas de désescalade sur un front qui s'est apaisé pendant que le Golfe s'embrase. Israël restant à l'écart de la campagne de bombardement américaine, le théâtre du risque s'est déplacé de façon décisive vers Ormuz et la mer Rouge. Pour les gestionnaires de risque, la leçon est que la prime moyen-orientale se concentre désormais dans le transport maritime et l'énergie, non sur l'axe Israël-Gaza."
2026-07-24,"Friday, 24 July 2026",19,ESCALATION,"Trump warns of a likely strike on Iran's ""Pickaxe Mountain"" nuclear enrichment site",The Hill,thehill.com,https://thehill.com/homenews/administration/5983210-trump-threatens-pickaxe-mountain-strike/,"Trump signalling a bunker-buster strike on Iran's deep enrichment site would push the war from disrupting shipping to targeting the nuclear program itself — a qualitative escalation, not more of the same. Hitting a hardened nuclear facility invites a far wider Iranian response and a sharper oil spike than any tanker attack. This is the tail risk to hedge: it is the scenario that takes crude from $100 toward the $120–$146 range analysts have flagged.",ESCALADE,Trump évoque une frappe probable sur le site d'enrichissement nucléaire iranien de « Pickaxe Mountain »,"Trump laissant entrevoir une frappe anti-bunker sur le site d'enrichissement profond de l'Iran ferait passer la guerre de la perturbation de la navigation au ciblage du programme nucléaire lui-même — une escalade qualitative, non une simple répétition. Frapper une installation nucléaire durcie appelle une riposte iranienne bien plus large et un pic pétrolier plus vif que toute attaque de pétrolier. Voilà le risque extrême à couvrir : c'est le scénario qui porte le brut de 100 $ vers la fourchette de 120 à 146 $ signalée par les analystes."
2026-07-24,"Friday, 24 July 2026",20,CHINA,Rubio to meet China's Wang Yi at the ASEAN summit as the US and China set September AI-safety talks,FDD Overnight Brief,fdd.org,https://www.fdd.org/overnight-brief/july-22-2026/,"Even amid the Gulf war, Washington and Beijing are keeping channels open — a Rubio-Wang Yi meeting and scheduled September talks on frontier-AI risk. The signal is that the US-China relationship is being managed, not ruptured, and that AI governance is becoming its own diplomatic track. For anyone with China exposure or an AI roadmap, the read is that the guardrails — and the competition — are both being formalised at the state level.",CHINE,"Rubio rencontrera le chinois Wang Yi au sommet de l'ANASE, tandis que Washington et Pékin fixent des pourparlers sur la sûreté de l'IA en septembre","Même en pleine guerre du Golfe, Washington et Pékin gardent des canaux ouverts — une rencontre Rubio-Wang Yi et des pourparlers prévus en septembre sur le risque de l'IA de pointe. Le signal est que la relation sino-américaine est gérée, non rompue, et que la gouvernance de l'IA devient sa propre voie diplomatique. Pour quiconque a une exposition à la Chine ou une feuille de route en IA, la lecture est que les garde-fous — et la concurrence — se formalisent tous deux au niveau étatique."
2026-07-24,"Friday, 24 July 2026",21,AI CLOUD,Oracle slides about 4.6% as investors sharpen scrutiny of AI-cloud spending,Yahoo Finance,finance.yahoo.com,https://finance.yahoo.com/markets/live/stock-market-today-friday-july-24-dow-sp-500-nasdaq-081854465.html,"Oracle's roughly 4.6% drop, alongside Alphabet's capex-driven fall, shows the market starting to separate AI winners from AI spenders. The same buildout that lifts Intel's chips is now a question mark for the cloud names carrying the bill. The rotation to watch: capital rewarding proven demand and monetisation, and punishing open-ended spend — position for payback, not just participation.",INFONUAGIE IA,"Oracle recule d'environ 4,6 % alors que les investisseurs scrutent davantage les dépenses d'infonuagie liée à l'IA","Le recul d'environ 4,6 % d'Oracle, aux côtés de la baisse d'Alphabet liée au capex, montre que le marché commence à distinguer les gagnants de l'IA des dépensiers de l'IA. La même construction qui soulève les puces d'Intel devient un point d'interrogation pour les acteurs de l'infonuagie qui en portent la facture. La rotation à surveiller : le capital récompense la demande prouvée et la monétisation, et sanctionne les dépenses sans fin — positionnez-vous pour le rendement, non pour la seule participation."
2026-07-24,"Friday, 24 July 2026",22,ATTRITION,Ukraine says it recaptured about 700 sq km this year as Russian casualties near 1.4 million,FDD Overnight Brief,fdd.org,https://www.fdd.org/overnight-brief/july-22-2026/,"Ukraine reclaiming roughly 700 sq km while Russia's cumulative casualties approach 1.4 million is the arithmetic of a stalemate paid in blood, not a breakthrough. The front is effectively frozen, which is precisely why the domestic pressure and the polling toward talks matter more than the map. Position for a slow drift toward negotiation rather than a decisive military turn — the war's next chapter is likely political.",GUERRE D'USURE,"L'Ukraine affirme avoir repris environ 700 km² cette année, les pertes russes approchant 1,4 million","L'Ukraine reprenant environ 700 km² tandis que les pertes cumulées de la Russie approchent 1,4 million, c'est l'arithmétique d'une impasse payée dans le sang, non une percée. Le front est de fait figé, et c'est précisément pourquoi la pression intérieure et les sondages penchant vers des pourparlers comptent plus que la carte. Positionnez-vous pour une lente dérive vers la négociation plutôt que pour un tournant militaire décisif — le prochain chapitre de la guerre sera vraisemblablement politique."
2026-07-25,"Saturday, 25 July 2026",1,WAR ESCALATION,"The US carries out a 13th straight night of strikes on Iran as Tehran hits US targets in Bahrain, Kuwait and Jordan and rejects a ceasefire",CNN,cnn.com,https://www.cnn.com/2026/07/23/world/live-news/iran-war-trump,"A 13th consecutive night of US bombing, Iranian retaliation now reaching bases in three Gulf states, and Tehran's rejection of an Iraqi-brokered ceasefire together kill the de-escalation trade the market had begun to price. With Trump telling Axios he is weighing larger operations, the war is widening, not winding down. Treat every ""ceasefire"" headline as a countertrend rally and plan around a conflict measured in months.",ESCALADE,"Les États-Unis mènent une treizième nuit consécutive de frappes sur l'Iran, tandis que Téhéran vise des cibles américaines à Bahreïn, au Koweït et en Jordanie et rejette un cessez-le-feu","Une treizième nuit consécutive de bombardements américains, des représailles iraniennes qui atteignent désormais des bases dans trois États du Golfe et le rejet par Téhéran d'un cessez-le-feu négocié par l'Irak enterrent le pari de désescalade que le marché commençait à valoriser. Trump confiant à Axios qu'il envisage des opérations plus vastes, la guerre s'élargit au lieu de s'éteindre. Traitez chaque manchette de « cessez-le-feu » comme un rebond à contre-tendance et anticipez un conflit qui se compte en mois."
2026-07-25,"Saturday, 25 July 2026",2,OIL SHOCK,Oil tops $100 for the first time since May as the Houthi Red Sea blockade adds a second chokepoint to the Iran war,Al Jazeera,aljazeera.com,https://www.aljazeera.com/economy/2026/7/24/as-oil-soars-experts-watch-red-sea-tankers-for-clarity-on-houthi-blockade,"Brent hit $100.65, up nearly 7% on the day, as the Houthi blockade layered a Red Sea chokepoint on top of a closed Strait of Hormuz. This is no longer a headline spike — it is two of the world's oil arteries priced as contested at once, and the pass-through is already showing in $4.09 gasoline. Rebuild every budget, margin and inflation forecast at triple-digit crude, not the pre-war base.",CHOC PÉTROLIER,"Le pétrole franchit 100 $ pour la première fois depuis mai, le blocus houthi en mer Rouge ajoutant un second point de passage à la guerre contre l'Iran","Le Brent a atteint 100,65 $, en hausse de près de 7 % sur la journée, le blocus houthi superposant un point de passage en mer Rouge à un détroit d'Ormuz déjà fermé. Ce n'est plus un simple pic médiatique — ce sont deux des artères pétrolières mondiales valorisées comme disputées simultanément, et la répercussion se voit déjà dans l'essence à 4,09 $. Refaites chaque budget, marge et prévision d'inflation à un brut à trois chiffres, non sur la base d'avant-guerre."
2026-07-25,"Saturday, 25 July 2026",3,ENERGY,A third front opens: Kazakhstan's oil output falls 21% after drone strikes force the CPC to halt Black Sea loadings,Times of Central Asia,timesca.com,https://timesca.com/kazakhstan-oil-output-falls-21-as-cpc-halt-more-than-halves-tengiz-production/,"Kazakh output dropped to 1.63 million bpd — Tengiz alone fell 56% — after drone strikes on Black Sea tankers forced the Caspian Pipeline Consortium to suspend loadings at Novorossiysk, which handles over 80% of the country's exports and about 2% of global supply. A third artery is now constrained alongside Hormuz and the Red Sea, and Chevron and ExxonMobil sit directly in the blast radius. This is the supply-side reason the oil premium is a floor, not a spike.",ÉNERGIE,Un troisième front s'ouvre : la production pétrolière du Kazakhstan chute de 21 % après que des frappes de drones ont forcé le CPC à suspendre les chargements en mer Noire,"La production kazakhe est tombée à 1,63 million de b/j — Tengiz à lui seul a chuté de 56 % — après que des frappes de drones sur des pétroliers en mer Noire ont forcé le Consortium du pipeline caspien à suspendre les chargements à Novorossiïsk, qui achemine plus de 80 % des exportations du pays et environ 2 % de l'offre mondiale. Une troisième artère est désormais entravée, aux côtés d'Ormuz et de la mer Rouge, et Chevron et ExxonMobil se trouvent en plein dans la zone d'impact. Voilà la raison, côté offre, pour laquelle la prime pétrolière est un plancher, non un pic."
2026-07-25,"Saturday, 25 July 2026",4,MARKETS,"Wall Street limps to a losing week: the S&P ends flat at 7,412, the Nasdaq falls again, the Dow claws back 0.5%",The Motley Fool,fool.com,https://www.fool.com/coverage/stock-market-today/2026/07/24/stock-market-today-july-24-intel-reverses-gains-on-foundry-and-ai-spending-concerns/,"The S&P 500 closed essentially flat at 7,412 and the Nasdaq slipped 0.64% to 24,976, sealing a down week after Thursday's megacap rout erased roughly $797 billion from the Magnificent Seven. The tape is digesting an AI-capex scare and a live oil-and-tariff double shock at the same time. Read the Dow's 0.5% bounce as a pause, not an all-clear — the repricing of margins and rate expectations is only starting.",MARCHÉS,"Wall Street clôture une semaine perdante : le S&P termine stable à 7 412, le Nasdaq recule encore, le Dow regagne 0,5 %","Le S&P 500 a clôturé quasi stable à 7 412 et le Nasdaq a glissé de 0,64 % à 24 976, scellant une semaine en baisse après la déroute des géants jeudi qui a effacé quelque 797 milliards de dollars des « Sept Magnifiques ». Le marché digère à la fois une frayeur sur le capex d'IA et un double choc en direct — pétrole et tarifs. Lisez le rebond de 0,5 % du Dow comme une pause, non un feu vert — la revalorisation des marges et des attentes de taux ne fait que commencer."
2026-07-25,"Saturday, 25 July 2026",5,CHIPS,Intel beats with revenue up 25% and a swing to profit — then reverses to close down 7.9% on foundry and capex fears,The Motley Fool,fool.com,https://www.fool.com/coverage/stock-market-today/2026/07/24/stock-market-today-july-24-intel-reverses-gains-on-foundry-and-ai-spending-concerns/,"Intel posted a genuine beat — revenue up 25% and a return to profit — but the stock round-tripped to close at $92.32, down 7.89%, as investors balked at foundry losses and the capital-spending bill needed to compete. The message: even a real turnaround gets punished if the payback horizon is long and dilution is on the table. The market is now separating AI winners from AI spenders, and it is pricing discipline over ambition.",PUCES,"Intel dépasse les attentes, revenu en hausse de 25 % et retour aux bénéfices — puis se retourne pour clôturer en baisse de 7,9 % sur les craintes liées à la fonderie et au capex","Intel a livré un vrai dépassement — revenu en hausse de 25 % et retour aux bénéfices — mais l'action a fait l'aller-retour pour clôturer à 92,32 $, en baisse de 7,89 %, les investisseurs rechignant devant les pertes de la fonderie et la facture d'investissement nécessaire pour rivaliser. Le message : même un redressement réel est sanctionné si l'horizon de rentabilité est long et la dilution possible. Le marché distingue désormais les gagnants de l'IA des dépensiers de l'IA, et il valorise la discipline avant l'ambition."
2026-07-25,"Saturday, 25 July 2026",6,MEMORY,"A Korean chip rout drags US memory names down: Micron and Western Digital fall 6%, SanDisk drops 9%",24/7 Wall St.,247wallst.com,https://247wallst.com/investing/2026/07/24/sk-hynix-and-micron-sink-6-sandisk-drops-9-as-korea-chip-selloff-hits-u-s-memory-stocks/,"An overnight selloff in Korea's KOSPI, led by Samsung and SK Hynix, spilled into US memory stocks — Micron and Western Digital off 6%, SanDisk down 9% — despite year-to-date gains that still run to 227% and 526%. The move is a valuation wobble in the year's hottest trade, not a demand break: AI memory remains scarce. Treat it as the first air-pocket in a crowded rally and a test of who has real conviction versus momentum.",MÉMOIRE,"Une déroute des puces coréennes entraîne les valeurs américaines de la mémoire : Micron et Western Digital reculent de 6 %, SanDisk chute de 9 %","Une vente nocturne sur le KOSPI coréen, menée par Samsung et SK Hynix, s'est propagée aux valeurs américaines de la mémoire — Micron et Western Digital en baisse de 6 %, SanDisk de 9 % — malgré des gains annuels atteignant encore 227 % et 526 %. Le mouvement est un vacillement de valorisation dans le pari le plus chaud de l'année, non une rupture de demande : la mémoire pour l'IA reste rare. Voyez-y le premier trou d'air d'un rallye encombré et un test de la vraie conviction face au simple momentum."
2026-07-25,"Saturday, 25 July 2026",7,CANADA,"Carney says ""everything is on the table"" as he and Trump agree to intensify talks under a 50% tariff on wine, cement and hockey sticks",BNN Bloomberg,bnnbloomberg.ca,https://www.bnnbloomberg.ca/tariffs/2026/07/23/everything-is-on-the-table-in-canada-us-trade-negotiations-pm-carney-live-updates-here/,"With Trump's 50% tariff on select Canadian goods now signed and a 30-day clock running, Carney and the premiers are unified and racing toward a comprehensive deal while refusing to retaliate pre-emptively. CUSMA-compliant trade may be spared, but the direction is fixed: US market access is now a rising, politicised cost. Canadian exporters should model the tariff as permanent and accelerate diversification rather than wait on the negotiation.",CANADA,"Carney affirme que « tout est sur la table » alors que Trump et lui conviennent d'intensifier les pourparlers sous un tarif de 50 % sur le vin, le ciment et les bâtons de hockey","Le tarif de 50 % de Trump sur certains produits canadiens étant désormais signé et un compte à rebours de 30 jours enclenché, Carney et les premiers ministres font front commun et se hâtent vers un accord global tout en refusant de riposter par anticipation. Les échanges conformes à l'ACEUM pourraient être épargnés, mais l'orientation est fixée : l'accès au marché américain est désormais un coût croissant et politisé. Les exportateurs canadiens devraient modéliser le tarif comme permanent et accélérer leur diversification plutôt que d'attendre l'issue de la négociation."
2026-07-25,"Saturday, 25 July 2026",8,WAR POWERS,The House votes 214–208 to order Trump to end the Iran war or seek authorization; Senate Republicans block the companion measure,Just Security,justsecurity.org,https://www.justsecurity.org/149344/early-edition-july-24-2026/,"A 214–208 House vote directing the president to halt the campaign or seek explicit authorization is the first hard sign of congressional resistance, but Senate Republicans killed the matching bill, leaving the war's funding and momentum intact. The political constraint is real but not yet binding. Watch the vote count as a leading indicator of how much longer Washington's appetite for an open-ended Gulf war holds.",POUVOIRS DE GUERRE,La Chambre vote par 214 voix contre 208 pour ordonner à Trump de mettre fin à la guerre contre l'Iran ou d'obtenir une autorisation; les républicains du Sénat bloquent la mesure jumelle,"Un vote de la Chambre par 214 voix contre 208 ordonnant au président d'arrêter la campagne ou d'obtenir une autorisation explicite est le premier signe tangible de résistance au Congrès, mais les républicains du Sénat ont enterré le projet jumeau, laissant intacts le financement et l'élan de la guerre. La contrainte politique est réelle mais pas encore contraignante. Surveillez le décompte des voix comme un indicateur avancé de la durée de l'appétit de Washington pour une guerre ouverte dans le Golfe."
2026-07-25,"Saturday, 25 July 2026",9,SHIPPING,"The Houthi Red Sea blockade targets Saudi, Israeli and US-linked tankers — with enforcement calibrated to a ship's flag, not its cargo",Al Jazeera,aljazeera.com,https://www.aljazeera.com/economy/2026/7/24/as-oil-soars-experts-watch-red-sea-tankers-for-clarity-on-houthi-blockade,"The blockade declared July 20 is shaping who moves Saudi crude, not whether it moves — Chinese-owned tankers passed Bab el-Mandeb unharmed while Saudi-linked ships were hit. That selectivity is the tell: this is coercive signalling, not a total closure, which keeps a partial flow but a permanent risk premium. Shippers should reassess exposure by flag, reroute via the Cape where economics allow, and price war-risk insurance as a standing cost.",TRANSPORT MARITIME,"Le blocus houthi en mer Rouge vise les pétroliers liés à l'Arabie saoudite, à Israël et aux États-Unis — l'application étant calibrée selon le pavillon du navire, non sa cargaison","Le blocus déclaré le 20 juillet détermine qui transporte le brut saoudien, non s'il circule — des pétroliers de propriété chinoise ont franchi Bab-el-Mandeb sans dommage tandis que des navires liés à Riyad ont été touchés. Cette sélectivité est révélatrice : il s'agit d'un signal coercitif, non d'une fermeture totale, ce qui maintient un flux partiel mais une prime de risque permanente. Les armateurs devraient réexaminer leur exposition selon le pavillon, contourner par le cap lorsque l'économie le permet et intégrer l'assurance risque de guerre comme un coût permanent."
2026-07-25,"Saturday, 25 July 2026",10,OIL,"Crude retreats on Friday — WTI down 3.5% to $88.93, Brent off 3.8% to $96.88 — as profit-taking and ceasefire chatter cool the spike",TheStreet,thestreet.com,https://www.thestreet.com/stock-market-today/stock-market-today-july-24-2026-dow-futures-rebound-as-oil-retreats-after-market-sell-off,"Oil gave back ground on Friday, with WTI at $88.93 and Brent at $96.88, as traders banked gains and leaned on ceasefire speculation. Do not mistake the pullback for a top: with three chokepoints contested and strikes ongoing, this is volatility around a higher base, not a return to calm. The trading range has reset into the high-$90s — hedge the whipsaw rather than betting on a clean de-escalation.",PÉTROLE,"Le brut recule vendredi — le WTI baisse de 3,5 % à 88,93 $, le Brent de 3,8 % à 96,88 $ — les prises de bénéfices et les rumeurs de cessez-le-feu refroidissant le pic","Le pétrole a rendu du terrain vendredi, le WTI à 88,93 $ et le Brent à 96,88 $, les opérateurs encaissant des gains et s'appuyant sur les spéculations de cessez-le-feu. Ne confondez pas ce repli avec un sommet : avec trois points de passage disputés et des frappes en cours, il s'agit de volatilité autour d'une base plus haute, non d'un retour au calme. La fourchette de négociation s'est réajustée dans le haut des 90 $ — couvrez les à-coups plutôt que de parier sur une désescalade nette."
2026-07-25,"Saturday, 25 July 2026",11,FED,The Fed is expected to hold again next week as an oil-and-tariff inflation pulse ties its hands,CBS News,cbsnews.com,https://www.cbsnews.com/news/fed-interest-rate-decision-july-meeting/,"Consensus has the Fed on hold at its meeting next week, pinned by the same twin shock — $100 oil and near-universal tariffs — that is lifting prices everywhere. A rate cut into a live inflation impulse is off the table, which means no monetary relief for borrowers pricing higher-for-longer. Finance to the current curve, not to a pivot the data will not allow.",RÉSERVE FÉDÉRALE,"La Fed devrait à nouveau maintenir ses taux la semaine prochaine, une impulsion inflationniste liée au pétrole et aux tarifs lui liant les mains","Le consensus voit la Fed maintenir ses taux lors de sa réunion de la semaine prochaine, immobilisée par le même double choc — pétrole à 100 $ et tarifs quasi universels — qui fait monter les prix partout. Une baisse de taux en pleine impulsion inflationniste est écartée, ce qui signifie aucun répit monétaire pour les emprunteurs qui composent avec des taux durablement élevés. Financez-vous sur la courbe actuelle, non sur un pivot que les données n'autoriseront pas."
2026-07-25,"Saturday, 25 July 2026",12,GOLD,"Gold holds near $4,057, up more than 21% over the year, as the safe-haven bid outlasts the daily noise",Yahoo Finance,finance.yahoo.com,https://finance.yahoo.com/personal-finance/investing/article/gold-prices-today-friday-july-24-2026-gold-price-remains-below-4100-ahead-of-next-weeks-rate-decision-152726975.html,"Gold sat near $4,057, barely changed on the day but up 21% over twelve months, holding its bid ahead of the Fed. The flat session is noise; the annual run is the signal, and it says the market is paying up for insurance against war, tariffs and sticky inflation all at once. Treat gold as the hedge that is already working, not a call to chase the top.",OR,"L'or se maintient près de 4 057 $, en hausse de plus de 21 % sur l'année, la demande de valeur refuge survivant au bruit quotidien","L'or s'est établi près de 4 057 $, à peine changé sur la journée mais en hausse de 21 % sur douze mois, conservant sa demande à l'approche de la Fed. La séance stable est du bruit; la progression annuelle est le signal, et il indique que le marché paie cher une assurance contre la guerre, les tarifs et une inflation persistante à la fois. Traitez l'or comme la couverture qui fonctionne déjà, non comme une invitation à courir après le sommet."
2026-07-25,"Saturday, 25 July 2026",13,SOUTH CHINA SEA,China's coast guard water-cannons two Philippine vessels near Scarborough Shoal for a second day as diplomats meet in Manila,The Washington Post,washingtonpost.com,https://www.washingtonpost.com/world/2026/07/24/south-china-sea-philippines-scarborough-shoal/86513352-8732-11f1-9cec-0fb26676f07e_story.html,"Chinese coast-guard water-cannon attacks on Philippine ships for a second straight day — the third faceoff of the week — show Beijing pressing its South China Sea claims even as the West is fixated on the Gulf. The second front is a reminder that the Indo-Pacific risk clock keeps ticking regardless of the Middle East. For anyone with regional supply chains, the read is that maritime friction is structural, not episodic.",MER DE CHINE MÉRIDIONALE,"La garde côtière chinoise asperge au canon à eau deux navires philippins près du récif de Scarborough pour une deuxième journée, alors que des diplomates se réunissent à Manille","Les attaques au canon à eau de la garde côtière chinoise contre des navires philippins pour une deuxième journée consécutive — le troisième face-à-face de la semaine — montrent que Pékin fait valoir ses revendications en mer de Chine méridionale alors même que l'Occident est rivé sur le Golfe. Ce second front rappelle que l'horloge du risque indo-pacifique continue de tourner indépendamment du Moyen-Orient. Pour quiconque a des chaînes d'approvisionnement régionales, la lecture est que la friction maritime est structurelle, non épisodique."
2026-07-25,"Saturday, 25 July 2026",14,UKRAINE,"Zelensky reverses course, submitting a bill to restore anti-corruption agencies' independence after EU pressure and street protests",RFE/RL,rferl.org,https://www.rferl.org/a/ukraine-corruption-nabu-european-union-protests/33483051.html,"After days of the largest wartime protests and blunt EU warnings, Zelensky submitted a new bill that Ukraine's anti-corruption agencies say ""restores"" the independence he had just curtailed. The retreat protects the reform conditionality tied to EU accession and Western financing — the lifelines funding the war. Read it as evidence that external leverage over Kyiv still works, and that governance risk, not just the front line, gates the aid.",UKRAINE,Zelensky fait volte-face et dépose un projet de loi pour rétablir l'indépendance des agences anticorruption après la pression de l'UE et des manifestations,"Après plusieurs jours des plus importantes manifestations en temps de guerre et des avertissements sans détour de l'UE, Zelensky a déposé un nouveau projet de loi qui, selon les agences anticorruption ukrainiennes, « rétablit » l'indépendance qu'il venait de restreindre. Ce recul préserve la conditionnalité des réformes liée à l'adhésion à l'UE et au financement occidental — les bouées de sauvetage qui financent la guerre. Voyez-y la preuve que le levier extérieur sur Kyiv fonctionne encore, et que le risque de gouvernance, non seulement le front, conditionne l'aide."
2026-07-25,"Saturday, 25 July 2026",15,CRYPTO,"Bitcoin slips to about $65,000, down 45% over the year, trading as risk rather than the hedge it is sold as",Fortune,fortune.com,https://fortune.com/article/current-price-of-bitcoin-for-july-24-2026/,"Bitcoin eased to roughly $65,030 and is down about 45% over twelve months, even as gold climbs on the same fears — the clearest tell that crypto still trades as high-beta risk, not insurance. On days when war and tariffs lift havens and push bitcoin down, the correlation speaks for itself. Size it as a liquidity and risk position, not as protection, in a tape defined by geopolitics and inflation.",CRYPTO,"Le bitcoin glisse à environ 65 000 $, en baisse de 45 % sur l'année, se négociant comme un actif risqué plutôt que comme la couverture qu'on lui prête","Le bitcoin a reflué à environ 65 030 $ et recule d'environ 45 % sur douze mois, alors même que l'or grimpe sur les mêmes craintes — le signe le plus net que la crypto se négocie toujours comme un risque à fort bêta, non comme une assurance. Les jours où la guerre et les tarifs font monter les refuges et baisser le bitcoin, la corrélation parle d'elle-même. Dimensionnez-le comme une position de liquidité et de risque, non comme une protection, dans un marché défini par la géopolitique et l'inflation."
2026-07-25,"Saturday, 25 July 2026",16,OPEC+,"Seven OPEC+ nations agree to trim output by 188,000 barrels a day from August, tightening supply into the shock",Energies Media,energiesmedia.com,https://energiesmedia.com/opec-plus-production-cut-2026-oil-energy/,"Seven OPEC+ members signed off on a 188,000 bpd cut starting in August — a modest volume, but a directional signal that the cartel is guarding price rather than rushing barrels to a market already short. With three chokepoints disrupted, the absence of a compensating supply surge removes the usual pressure valve. Do not count on OPEC+ to cap this rally; the group's incentives now point the same way as the war premium.",OPEP+,"Sept pays de l'OPEP+ conviennent de réduire la production de 188 000 barils par jour dès août, resserrant l'offre en plein choc","Sept membres de l'OPEP+ ont approuvé une réduction de 188 000 b/j à compter d'août — un volume modeste, mais un signal directionnel que le cartel protège les prix plutôt que de précipiter des barils vers un marché déjà tendu. Avec trois points de passage perturbés, l'absence d'une hausse d'offre compensatoire supprime la soupape habituelle. Ne comptez pas sur l'OPEP+ pour plafonner ce rallye; les intérêts du groupe pointent désormais dans le même sens que la prime de guerre."
2026-07-25,"Saturday, 25 July 2026",17,WEEK AHEAD,"A make-or-break week ahead: Microsoft, Apple, Amazon, Meta and Exxon report as the Fed meets and oil stays elevated",Barchart,barchart.com,https://www.barchart.com/story/news/33715655/single-stock-etfs-in-focus-as-big-tech-earnings-unfold,"Next week stacks the year's heaviest catalysts into five sessions — Microsoft, Apple, Amazon and Meta earnings, Exxon on the oil shock, and a Fed decision — with AI capex the question every megacap must answer after this week's rout. The market has already flagged that it will reward monetisation and punish open-ended spend. Position for a volatility spike and let the prints, not the narrative, set direction.",LA SEMAINE À VENIR,"Une semaine décisive s'annonce : Microsoft, Apple, Amazon, Meta et Exxon publient leurs résultats alors que la Fed se réunit et que le pétrole reste élevé","La semaine prochaine concentre les plus gros catalyseurs de l'année en cinq séances — résultats de Microsoft, Apple, Amazon et Meta, Exxon face au choc pétrolier et une décision de la Fed — le capex d'IA étant la question à laquelle chaque géant devra répondre après la déroute de cette semaine. Le marché a déjà signalé qu'il récompensera la monétisation et sanctionnera les dépenses sans fin. Positionnez-vous pour un pic de volatilité et laissez les résultats, non le récit, dicter la direction."
2026-07-25,"Saturday, 25 July 2026",18,CASUALTIES,"The Pentagon revises its US casualty count down from 18 to 14, citing ""data disruptions""",Just Security,justsecurity.org,https://www.justsecurity.org/149344/early-edition-july-24-2026/,"The Pentagon cut its reported US death toll from 18 to 14, saying four losses were excluded because they fell after Trump's April ceasefire declaration — an accounting change, not a battlefield one. The reclassification muddies the true cost of the campaign just as Congress debates its authorization. Treat official casualty figures as a contested political number, and weigh the war's domestic durability accordingly.",PERTES,"Le Pentagone révise à la baisse son bilan de pertes américaines, de 18 à 14, invoquant des « perturbations de données »","Le Pentagone a ramené son bilan officiel de morts américains de 18 à 14, affirmant que quatre pertes ont été exclues parce qu'elles sont survenues après la déclaration de cessez-le-feu de Trump en avril — un changement comptable, non une réalité du terrain. Cette reclassification brouille le coût réel de la campagne au moment même où le Congrès en débat l'autorisation. Considérez les chiffres officiels de pertes comme une donnée politique contestée et évaluez en conséquence la durabilité intérieure de la guerre."
2026-07-25,"Saturday, 25 July 2026",19,CONSUMER,"US pump prices climb toward $4.09 gasoline and $5.34 diesel, with analysts warning of another 10–20 cents to come",Al Jazeera,aljazeera.com,https://www.aljazeera.com/economy/2026/7/24/as-oil-soars-experts-watch-red-sea-tankers-for-clarity-on-houthi-blockade,"With gasoline at $4.09 and diesel at $5.34, GasBuddy sees another 10–20 cents per gallon feeding through as the oil spike reaches the pump over the next week or two. That is the oil shock arriving in the household and the freight bill — the most visible, most political form of inflation. Expect it to harden consumer inflation expectations and stiffen central-bank caution just as the Fed meets.",CONSOMMATION,"Les prix à la pompe aux États-Unis grimpent vers 4,09 $ l'essence et 5,34 $ le diesel, les analystes prévenant d'une hausse supplémentaire de 10 à 20 cents","Avec l'essence à 4,09 $ et le diesel à 5,34 $, GasBuddy prévoit une répercussion supplémentaire de 10 à 20 cents le gallon à mesure que le pic pétrolier atteint la pompe au cours des une à deux prochaines semaines. C'est le choc pétrolier qui arrive dans le ménage et dans la facture de transport — la forme d'inflation la plus visible et la plus politique. Attendez-vous à ce qu'il durcisse les anticipations d'inflation des consommateurs et renforce la prudence des banques centrales au moment même où la Fed se réunit."
2026-07-25,"Saturday, 25 July 2026",20,GULF,"Trump vows ""major military punishment"" and holds Iran responsible for the Houthi attacks as reports place Iranian personnel in Yemen",Just Security,justsecurity.org,https://www.justsecurity.org/149344/early-edition-july-24-2026/,"Trump's promise of ""major military punishment"" and his decision to hold Tehran responsible for Houthi strikes fold the Red Sea and the Iran war into a single escalation ladder — with Reuters reporting Iranian personnel and equipment flown to Yemen. Merging the two theatres means a Houthi attack can now trigger a direct US-Iran response, widening the war's surface area. This is the mechanism by which the conflict spreads faster than any single front suggests.",GOLFE,"Trump promet une « punition militaire majeure » et tient l'Iran responsable des attaques houthies, tandis que des rapports situent du personnel iranien au Yémen","La promesse de Trump d'une « punition militaire majeure » et sa décision de tenir Téhéran responsable des frappes houthies fondent la mer Rouge et la guerre contre l'Iran en une seule échelle d'escalade — Reuters faisant état de personnel et d'équipements iraniens acheminés vers le Yémen. Fusionner les deux théâtres signifie qu'une attaque houthie peut désormais déclencher une riposte américano-iranienne directe, élargissant la surface de la guerre. C'est le mécanisme par lequel le conflit se propage plus vite que ne le laisse croire un seul front."
2026-07-25,"Saturday, 25 July 2026",21,ICC,ICC member states move to dismiss Prosecutor Karim Khan over misconduct allegations,Just Security,justsecurity.org,https://www.justsecurity.org/149344/early-edition-july-24-2026/,"Member states voting on the removal of ICC Prosecutor Karim Khan over misconduct allegations throws the world's permanent war-crimes court into a leadership crisis at a moment of maximum geopolitical strain. An institution already fighting for legitimacy now faces a governance vacuum that adversaries will exploit. For anyone relying on international legal accountability as a check on state behaviour, the guardrail just got weaker.",CPI,Les États membres de la CPI engagent une procédure de destitution du procureur Karim Khan sur fond d'allégations d'inconduite,"Le vote des États membres sur la destitution du procureur de la CPI Karim Khan pour des allégations d'inconduite plonge la juridiction pénale internationale permanente dans une crise de leadership à un moment de tension géopolitique maximale. Une institution qui lutte déjà pour sa légitimité fait désormais face à un vide de gouvernance que ses adversaires exploiteront. Pour quiconque compte sur la responsabilité juridique internationale comme frein au comportement des États, ce garde-fou vient de s'affaiblir."
2026-07-26,"Sunday, 26 July 2026",1,WAR,"The US-Iran war grinds into a third week as Washington strikes Iran again, Tehran hits Gulf bases, and Trump threatens to bomb Iranian infrastructure over Hormuz",CNN,cnn.com,https://www.cnn.com/2026/07/24/world/live-news/iran-war-trump,"The war is now measured in weeks, not headlines: fresh US strikes, Iranian drones and missiles reaching Kuwait and Jordan, and a defense secretary putting the running bill at $37.5 billion. For any allocator, this is no longer a tail risk to hedge — it is the base case, and every ""ceasefire"" rumour is a countertrend bounce to sell into, not a bottom to buy.",GUERRE,"La guerre américano-iranienne entre dans sa troisième semaine : Washington frappe de nouveau l'Iran, Téhéran vise des bases du Golfe et Trump menace de bombarder les infrastructures iraniennes à propos d'Ormuz","La guerre se compte désormais en semaines, non en manchettes : nouvelles frappes américaines, drones et missiles iraniens atteignant le Koweït et la Jordanie, et un secrétaire à la Défense chiffrant la facture à 37,5 milliards de dollars. Pour tout allocataire, ce n'est plus un risque extrême à couvrir — c'est le scénario de base, et chaque rumeur de « cessez-le-feu » est un rebond à contre-tendance à vendre, non un creux à acheter."
2026-07-26,"Sunday, 26 July 2026",2,ENERGY,"Brent slips back toward $97 from above $100 as Pakistan, backed by China, tries to revive US-Iran talks — but crude is still up 30% on the month",Trading Economics,tradingeconomics.com,https://tradingeconomics.com/commodity/brent-crude-oil,"The pullback from triple digits is a diplomacy trade, not a supply change: nothing has physically eased in the Gulf, and Brent is still up roughly 30% in a month. Treat sub-$100 as a gift for hedging energy exposure, not a signal the risk premium is gone — the next tanker headline reprices it in hours.",ÉNERGIE,"Le Brent reflue vers 97 $ après avoir dépassé 100 $, le Pakistan, soutenu par la Chine, tentant de relancer les pourparlers américano-iraniens — mais le brut reste en hausse de 30 % sur le mois","Le repli sous les trois chiffres est un pari diplomatique, non un changement d'offre : rien ne s'est physiquement détendu dans le Golfe, et le Brent reste en hausse d'environ 30 % en un mois. Voyez le niveau sous 100 $ comme une occasion de couvrir votre exposition énergétique, non comme le signe que la prime de risque a disparu — la prochaine manchette sur un pétrolier la revalorise en quelques heures."
2026-07-26,"Sunday, 26 July 2026",3,MARKETS,"Wall Street closes a second straight losing week — S&P 500 at 7,412, Nasdaq down 1.2% Friday — as oil and a chip selloff overpower solid earnings",Yahoo Finance,finance.yahoo.com,https://finance.yahoo.com/markets/stocks/articles/p-500-dow-nasdaq-end-225448903.html,"Blowout numbers from Intel and Alphabet could not lift the tape because the macro tax — $100 oil and rising yields — is now the dominant variable. When good earnings can't buy a green week, the message is that the market is trading geopolitics and rates, not fundamentals; position defensively into the Fed.",MARCHÉS,"Wall Street clôt une deuxième semaine consécutive de baisse — le S&P 500 à 7 412, le Nasdaq en recul de 1,2 % vendredi — le pétrole et un repli des puces l'emportant sur de solides résultats","Les excellents chiffres d'Intel et d'Alphabet n'ont pu soutenir les indices, car la « taxe macro » — un pétrole à 100 $ et des taux en hausse — est désormais la variable dominante. Quand de bons résultats n'achètent pas une semaine positive, le message est clair : le marché négocie la géopolitique et les taux, non les fondamentaux ; positionnez-vous défensivement avant la Fed."
2026-07-26,"Sunday, 26 July 2026",4,CANADA,"Trump signs a 50% tariff on roughly US$20B of Canadian goods, starting a 30-day clock as Carney vows ""whatever it takes""",BNN Bloomberg,bnnbloomberg.ca,https://www.bnnbloomberg.ca/tariffs/2026/07/23/everything-is-on-the-table-in-canada-us-trade-negotiations-pm-carney-live-updates-here/,"The order hits wine, lumber, dairy, electronics and pharma inputs — sectors where Canada sends up to 90% of output south — and the 30-day window turns CUSMA renewal into a live crisis, not a 2026 talking point. Canadian exporters should model a 50% wall now and pull shipments forward; the negotiation, not the tariff, is where the value swings.",CANADA,"Trump signe un tarif de 50 % sur environ 20 G$ US de produits canadiens, déclenchant un compte à rebours de 30 jours tandis que Carney promet de faire « tout ce qu'il faut »","Le décret frappe le vin, le bois, les produits laitiers, l'électronique et les intrants pharmaceutiques — des secteurs où le Canada exporte jusqu'à 90 % de sa production vers le sud — et la fenêtre de 30 jours transforme le renouvellement de l'ACEUM en crise immédiate, non en sujet de 2026. Les exportateurs canadiens doivent modéliser dès maintenant un mur de 50 % et devancer leurs livraisons ; c'est la négociation, non le tarif, qui fera bouger la valeur."
2026-07-26,"Sunday, 26 July 2026",5,SEMICONDUCTORS,"TSMC posts a record quarter, lifts 2026 growth guidance above 40%, and adds $100B to its Arizona build-out as AI demand runs hot",Tech Times,techtimes.com,https://www.techtimes.com/articles/320696/20260716/tsmc-posts-record-quarter-ai-chip-demand-pushes-full-year-growth-outlook-past-40.htm,"Revenue of $40.2B (+36%), 67.7% gross margins and HPC now two-thirds of the mix confirm the AI capex cycle is accelerating, not peaking — and the extra $100B for Arizona directly hedges the very Taiwan-Strait and tariff risk clients fear. If you own the AI trade, TSMC's guidance is the single most important tell that the buildout has years left to run.",SEMICONDUCTEURS,"TSMC enregistre un trimestre record, relève sa prévision de croissance 2026 au-delà de 40 % et ajoute 100 G$ à son expansion en Arizona, portée par une demande d'IA brûlante","Un chiffre d'affaires de 40,2 G$ (+36 %), des marges brutes de 67,7 % et le calcul haute performance représentant désormais les deux tiers du mix confirment que le cycle d'investissement en IA accélère, loin d'un sommet — et les 100 G$ supplémentaires pour l'Arizona couvrent précisément le risque tarifaire et le risque du détroit de Taïwan que redoutent les clients. Si vous détenez le pari de l'IA, les prévisions de TSMC sont l'indice le plus important que la construction a encore des années devant elle."
2026-07-26,"Sunday, 26 July 2026",6,BIG TECH,Alphabet's revenue jumps 24% to $119.8B with Cloud up 82% — yet the stock slips as a bigger 2026 capex bill unsettles investors,9to5Google,9to5google.com,https://9to5google.com/2026/07/22/alphabet-q2-2026-earnings/,"Cloud at $24.8B and YouTube ads at $11.1B show the AI monetization the market wanted, but the selloff on higher capex reveals the new fault line: investors will reward AI revenue and punish AI spending in the same breath. The tell for the whole complex — Microsoft and Meta report next — is whether cloud growth is now outrunning the cost to build it.",GÉANTS TECH,"Le chiffre d'affaires d'Alphabet bondit de 24 % à 119,8 G$, le nuage progressant de 82 % — mais l'action recule, une facture d'investissement 2026 plus lourde inquiétant les investisseurs","Un nuage à 24,8 G$ et des publicités YouTube à 11,1 G$ montrent la monétisation de l'IA que le marché attendait, mais la chute liée à la hausse des investissements révèle la nouvelle ligne de faille : les investisseurs récompenseront les revenus de l'IA et sanctionneront les dépenses d'IA d'un même souffle. Le signal pour tout le secteur — Microsoft et Meta publient bientôt — sera de savoir si la croissance du nuage dépasse désormais le coût de sa construction."
2026-07-26,"Sunday, 26 July 2026",7,SEMICONDUCTORS,"Intel delivers a Q2 blowout — revenue up 25%, adjusted EPS double estimates, foundry and AI both surging — and shares jump 12%",Investing.com,investing.com,https://www.investing.com/news/transcripts/earnings-call-transcript-intel-tops-q2-2026-estimates-as-shares-rebound-after-hours-93CH-4810201,"$16.1B revenue, $0.42 adjusted EPS against a $0.22 consensus, data-center-and-AI up 59% and Foundry up 31% mark the clearest sign yet that Intel's turnaround is real, not hopium. For anyone who wrote Intel off, this is a repricing event — the foundry story now has revenue behind it, and the US chip-sovereignty trade just gained a credible second name.",SEMICONDUCTEURS,"Intel signe un deuxième trimestre exceptionnel — chiffre d'affaires en hausse de 25 %, bénéfice ajusté deux fois supérieur aux attentes, fonderie et IA en plein essor — et l'action bondit de 12 %","Un chiffre d'affaires de 16,1 G$, un bénéfice ajusté de 0,42 $ contre un consensus de 0,22 $, un segment centres de données et IA en hausse de 59 % et une fonderie en progression de 31 % constituent le signe le plus net que le redressement d'Intel est réel, non un vœu pieux. Pour quiconque avait enterré Intel, c'est un événement de revalorisation — la fonderie a maintenant des revenus derrière elle, et le pari de la souveraineté américaine des puces vient de gagner un second nom crédible."
2026-07-26,"Sunday, 26 July 2026",8,AUTOS,"Tesla sets a delivery record of 480,126 vehicles but profit misses badly — EPS $0.33 vs $0.53 — as regulatory-credit revenue collapses 67%",Electrek,electrek.co,https://electrek.co/2026/07/22/tesla-tsla-q2-2026-financial-results/,"Record volume with collapsing margins is the whole story: automotive is now a low-margin business propped up by credits that are disappearing, and the bull case rests entirely on robotaxi and energy, not cars. Anyone holding Tesla on the auto multiple is mispricing it — the vehicle business just showed you its real earnings power.",AUTOMOBILE,"Tesla établit un record de livraisons à 480 126 véhicules, mais le bénéfice déçoit largement — 0,33 $ par action contre 0,53 $ attendu — l'effondrement de 67 % des revenus de crédits réglementaires pesant lourd","Un volume record accompagné de marges en chute libre résume tout : l'automobile est désormais une activité à faible marge soutenue par des crédits qui disparaissent, et la thèse haussière repose entièrement sur le robotaxi et l'énergie, non sur les voitures. Quiconque détient Tesla sur le multiple automobile la valorise mal — l'activité véhicules vient de révéler sa véritable capacité bénéficiaire."
2026-07-26,"Sunday, 26 July 2026",9,MARKETS,"The chip complex leads the market lower — the semiconductor ETF drops 3.2% on the week as capex fears hit Nvidia, Micron and Broadcom",TheStreet,thestreet.com,https://www.thestreet.com/stock-market-today/stock-market-today-july-24-2026-dow-futures-rebound-as-oil-retreats-after-market-sell-off,"Even with TSMC and Intel beating, the group sold off because the market now fears the AI bill, not the AI demand — a sentiment shift that matters more than any single print. When the highest-quality names in the leadership group can't hold gains, it's a warning that the crowded AI trade needs a rest; trim, don't chase.",MARCHÉS,"Le complexe des puces entraîne le marché à la baisse — le FNB des semiconducteurs recule de 3,2 % sur la semaine, les craintes d'investissement frappant Nvidia, Micron et Broadcom","Malgré les résultats supérieurs de TSMC et d'Intel, le groupe a reculé car le marché redoute désormais la facture de l'IA, non la demande d'IA — un changement de sentiment plus important que n'importe quel résultat isolé. Quand les titres de la plus haute qualité du groupe meneur ne peuvent conserver leurs gains, c'est un avertissement : le pari surchargé de l'IA a besoin de souffler ; allégez, ne courez pas après."
2026-07-26,"Sunday, 26 July 2026",10,FED,The Fed meets July 28-29 with markets caught between an oil-driven inflation scare and a softening economy,CBS News,cbsnews.com,https://www.cbsnews.com/news/fed-interest-rate-decision-july-meeting/,"Powell walks into the worst possible setup: $100 oil and 50% tariffs pushing inflation expectations up just as growth data cools, leaving no clean path to cut or hold. The decision itself matters less than the language on tariffs and energy — that guidance will set the tone for bonds, the dollar and every rate-sensitive asset into the fall.",FED,"La Fed se réunit les 28 et 29 juillet, les marchés étant pris entre une poussée inflationniste liée au pétrole et une économie qui ralentit","Powell aborde la pire configuration possible : un pétrole à 100 $ et des tarifs de 50 % qui font grimper les anticipations d'inflation au moment même où les données de croissance se refroidissent, ne laissant aucune voie nette pour baisser ou maintenir les taux. La décision elle-même importe moins que le discours sur les tarifs et l'énergie — cette orientation donnera le ton aux obligations, au dollar et à tout actif sensible aux taux jusqu'à l'automne."
2026-07-26,"Sunday, 26 July 2026",11,CHINA,"China's Q2 growth slows to its weakest since 2022 as investment slumps, intensifying calls for fresh stimulus",CNBC,cnbc.com,https://www.cnbc.com/2026/07/15/china-gdp-retail-sales-investment-june-.html,"A sub-4.5% print with collapsing fixed investment tells you the property drag is still winning and Beijing's calibrated approach isn't enough — a bigger stimulus package is now a question of when, not if. For commodity exporters and multinationals with China revenue, position for a policy jolt in H2; the current data is the floor, not the trend.",CHINE,"La croissance chinoise du deuxième trimestre tombe à son plus bas niveau depuis 2022, l'investissement s'effondrant et ravivant les appels à de nouvelles mesures de relance","Un chiffre sous 4,5 % accompagné d'un effondrement de l'investissement fixe montre que le frein immobilier l'emporte toujours et que l'approche calibrée de Pékin ne suffit pas — un plan de relance plus vaste est désormais une question de moment, non de principe. Pour les exportateurs de matières premières et les multinationales exposées à la Chine, préparez-vous à un choc de politique au second semestre ; les données actuelles sont le plancher, non la tendance."
2026-07-26,"Sunday, 26 July 2026",12,SECURITY,"Russia and Ukraine trade deadly strikes — at least 11 killed in Ukraine, a Russian factory hit — as Moscow claims to down 571 drones overnight",Al Jazeera,aljazeera.com,https://www.aljazeera.com/news/2026/7/24/at-least-11-killed-in-ukraine-as-moscow-and-kyiv-continue-to-trade-attacks,"With the world's attention on the Gulf, the Ukraine war has quietly escalated in intensity, not wound down, and the scale of the drone exchanges signals no near-term off-ramp. For European energy and defense planners, the second front is still open — the risk of a simultaneous Gulf-and-Europe supply shock is higher than the muted coverage suggests.",SÉCURITÉ,"La Russie et l'Ukraine échangent des frappes meurtrières — au moins 11 morts en Ukraine, une usine russe touchée — Moscou affirmant avoir abattu 571 drones en une nuit","L'attention mondiale étant tournée vers le Golfe, la guerre en Ukraine s'est discrètement intensifiée plutôt qu'apaisée, et l'ampleur des échanges de drones ne laisse entrevoir aucune sortie à court terme. Pour les planificateurs européens de l'énergie et de la défense, le second front reste ouvert — le risque d'un choc d'approvisionnement simultané au Golfe et en Europe est plus élevé que ne le suggère une couverture médiatique discrète."
2026-07-26,"Sunday, 26 July 2026",13,AI INFRASTRUCTURE,Verizon signs a $1B+ dark-fiber deal to wire Google's AI data centers — and says several billion more are coming,Broadband Breakfast,broadbandbreakfast.com,https://broadbandbreakfast.com/verizon-inks-1-billion-fiber-deal-with-google/,"This is the AI boom flowing into the unglamorous layer — fiber, power and interconnect — where telecoms with existing rights-of-way suddenly have a growth story. The read-through: the picks-and-shovels of AI now extend well past chips, and legacy infrastructure owners are quietly becoming AI-capex beneficiaries. Look downstream of Nvidia for the next re-rating.",INFRASTRUCTURE IA,Verizon signe un accord de fibre noire de plus d'un milliard pour raccorder les centres de données d'IA de Google — et annonce plusieurs milliards de plus à venir,"Voici le boom de l'IA qui se déverse dans la couche la moins spectaculaire — fibre, énergie et interconnexion — où les télécoms disposant de droits de passage existants se découvrent soudain une histoire de croissance. La leçon : les pioches et les pelles de l'IA débordent désormais largement des puces, et les propriétaires d'infrastructures traditionnelles deviennent discrètement des bénéficiaires des investissements en IA. Cherchez la prochaine revalorisation en aval de Nvidia."
2026-07-26,"Sunday, 26 July 2026",14,M&A,Paramount Skydance and Warner Bros. agree to freeze their merger until June 2027 pending an antitrust trial,Variety,variety.com,https://variety.com/2026/film/news/paramount-warner-bros-merger-postpone-antitrust-trial-1236820601/,"A near-year pause hands rivals time and injects deep uncertainty into a deal that would reshape Hollywood — and signals that this antitrust environment can stall even blessed megadeals. For anyone underwriting media consolidation, the lesson is timeline risk: regulatory delay is now the dominant variable in deal value, not price or synergies.",FUSIONS-ACQUISITIONS,"Paramount Skydance et Warner Bros. acceptent de geler leur fusion jusqu'en juin 2027, en attendant un procès antitrust","Une pause de près d'un an offre du temps aux concurrents et injecte une profonde incertitude dans un accord qui redessinerait Hollywood — et montre que cet environnement antitrust peut bloquer même les mégafusions bénies. Pour quiconque évalue la consolidation des médias, la leçon est le risque de calendrier : le délai réglementaire est désormais la variable dominante de la valeur d'un accord, avant le prix ou les synergies."
2026-07-26,"Sunday, 26 July 2026",15,MOBILITY,"Waymo moves to end its Uber robotaxi exclusivity in Atlanta and Austin, stepping up a direct rivalry",CNBC,cnbc.com,https://www.cnbc.com/2026/07/24/uber-and-waymo-to-end-exclusivity-arrangement-in-atlanta-and-austin.html,"Waymo going solo signals it now believes it can own the customer relationship, not rent it through Uber — a strategic shift that turns a partner into a competitor overnight. For investors, the robotaxi land grab just entered its winner-take-share phase; watch whether Uber's platform reach or Waymo's tech lead proves decisive over the next 18 months.",MOBILITÉ,"Waymo entreprend de mettre fin à son exclusivité de robotaxi avec Uber à Atlanta et Austin, intensifiant une rivalité directe","Le fait que Waymo fasse cavalier seul indique qu'il croit désormais pouvoir posséder la relation client plutôt que la louer via Uber — un virage stratégique qui transforme un partenaire en concurrent du jour au lendemain. Pour les investisseurs, la ruée sur le robotaxi entre dans sa phase où le gagnant rafle les parts ; observez si la portée de plateforme d'Uber ou l'avance technologique de Waymo s'avère décisive au cours des 18 prochains mois."
2026-07-26,"Sunday, 26 July 2026",16,EARNINGS,"IBM posts $17.2B in Q2 revenue with software up 5% and reaffirms 4-5% full-year growth, leaning on its AI and hybrid-cloud portfolio",IBM Newsroom,newsroom.ibm.com,https://newsroom.ibm.com/2026-07-22-IBM-RELEASES-SECOND-QUARTER-RESULTS,"IBM won't set pulses racing, but steady software growth and a reaffirmed outlook make it the ballast in a tech portfolio whipsawed by AI-capex fear. When high-beta AI names wobble, boring free-cash-flow compounders like IBM do their job; this is the kind of name that outperforms in a market trading rates and risk, not hype.",RÉSULTATS,"IBM affiche 17,2 G$ de chiffre d'affaires au deuxième trimestre, le logiciel progressant de 5 %, et réaffirme une croissance annuelle de 4 à 5 %, s'appuyant sur son portefeuille d'IA et de nuage hybride","IBM ne fera pas s'emballer les cœurs, mais une croissance régulière du logiciel et une prévision réaffirmée en font le lest d'un portefeuille technologique secoué par la peur des investissements en IA. Quand les titres d'IA à bêta élevé vacillent, les composeurs ennuyeux de flux de trésorerie comme IBM font leur travail ; c'est le genre de valeur qui surperforme dans un marché qui négocie les taux et le risque, non l'engouement."
2026-07-26,"Sunday, 26 July 2026",17,OPEC,"OPEC+ keeps unwinding its cuts, approving another output increase for August even as war supercharges prices",Al Jazeera,aljazeera.com,https://www.aljazeera.com/economy/2026/7/6/opec-countries-say-they-will-expand-monthly-oil-production,"The cartel adding barrels into a war-driven spike is the one bearish counterweight in the oil complex — it signals Gulf producers want market share and price relief, not a runaway shock. But with real supply at risk in Hormuz, extra OPEC quota means little if it can't ship; watch the spread between paper barrels and physical delivery, because that gap is where the next price shock lives.",OPEP,"L'OPEP+ poursuit le dénouement de ses réductions, approuvant une nouvelle hausse de production pour août alors même que la guerre dope les prix","Le cartel qui ajoute des barils en pleine flambée liée à la guerre constitue le seul contrepoids baissier du complexe pétrolier — il signale que les producteurs du Golfe veulent des parts de marché et un répit sur les prix, non un choc incontrôlé. Mais avec une offre réellement menacée dans le détroit d'Ormuz, un quota supplémentaire de l'OPEP ne vaut rien s'il ne peut être acheminé ; surveillez l'écart entre les barils sur papier et la livraison physique, car c'est là que se loge le prochain choc de prix."
2026-07-26,"Sunday, 26 July 2026",18,COMMODITIES,"Gold pushes above $4,100 an ounce on renewed safe-haven demand as the Gulf war drives investors out of stocks and currencies",Yahoo Finance,finance.yahoo.com,https://finance.yahoo.com/personal-finance/investing/article/gold-prices-today-wednesday-july-22-renewed-safe-haven-demand-pushes-gold-price-higher-152629042.html,"Gold near $4,130 and up nearly 20% on the year is doing exactly what it's supposed to in a geopolitical shock — and its strength is a quiet vote of no confidence in the ""quick ceasefire"" narrative. If you hold no gold in a portfolio facing $100 oil, a widening war and a cornered Fed, you are running an un-hedged book; this is the insurance the tape is telling you to own.",MATIÈRES PREMIÈRES,"L'or franchit les 4 100 $ l'once, porté par un regain de demande de valeur refuge, la guerre du Golfe poussant les investisseurs hors des actions et des devises","L'or proche de 4 130 $ et en hausse de près de 20 % sur l'année fait exactement ce qu'il doit faire lors d'un choc géopolitique — et sa vigueur est un vote de défiance discret envers le récit du « cessez-le-feu rapide ». Si vous ne détenez aucun or dans un portefeuille confronté à un pétrole à 100 $, à une guerre qui s'élargit et à une Fed acculée, vous gérez un livre non couvert ; c'est l'assurance que le marché vous invite à détenir."
2026-07-26,"Sunday, 26 July 2026",19,CRYPTO,"Bitcoin retreats toward $64,000 as higher oil, tariffs and rising Treasury yields pull capital out of risk assets",Yahoo Finance,finance.yahoo.com,https://finance.yahoo.com/personal-finance/investing/article/bitcoin-and-ethereum-prices-today-friday-july-24-2026-crypto-prices-retreat-on-higher-us-treasury-yields-152200068.html,"Crypto's slide, alongside $225M in spot-ETF outflows, is the cleanest read on the macro regime: when real yields rise, the opportunity cost of a non-yielding asset bites first and hardest. Bitcoin is trading as a high-beta liquidity proxy right now, not ""digital gold"" — a distinction that matters if you're using it to hedge the very war that's lifting actual gold.",CRYPTO,"Le bitcoin recule vers 64 000 $, la hausse du pétrole, les tarifs et la remontée des rendements obligataires retirant des capitaux des actifs risqués","Le repli des cryptos, accompagné de 225 M$ de sorties des FNB au comptant, offre la lecture la plus nette du régime macroéconomique : quand les rendements réels montent, le coût d'opportunité d'un actif sans rendement mord en premier et le plus fort. Le bitcoin se négocie actuellement comme un indicateur de liquidité à bêta élevé, non comme de « l'or numérique » — une distinction qui compte si vous l'utilisez pour couvrir la guerre même qui fait grimper l'or véritable."
2026-07-27,"Monday, 27 July 2026",1,DIPLOMACY,The US-Iran war goes quiet for a second straight day as Oman brokers talks and a Hormuz shipping compromise takes shape,Fortune,fortune.com,https://fortune.com/2026/07/26/us-iran-war-pause-attacks-tehran-talks-oman-hormuz/,"Two days without strikes and active Omani mediation is the first real de-escalation signal since the war began — but there is still no formal ceasefire, only an interim 60-day deal that has already been breached. Treat the calm as a tradable relief rally, not a resolution: position for a bounce in risk while keeping the energy hedges on, because a single tanker incident reverses the entire move.",DIPLOMATIE,"La guerre américano-iranienne fait silence pour un deuxième jour d'affilée, Oman négociant un accord tandis qu'un compromis sur la navigation dans le détroit d'Ormuz prend forme","Deux jours sans frappes et une médiation omanaise active constituent le premier vrai signal de désescalade depuis le début de la guerre — mais il n'existe toujours aucun cessez-le-feu formel, seulement un accord intérimaire de 60 jours déjà rompu. Traitez ce calme comme un rebond de soulagement négociable, non comme une résolution : positionnez-vous pour un redressement du risque tout en conservant vos couvertures énergétiques, car un seul incident de pétrolier inverse tout le mouvement."
2026-07-27,"Monday, 27 July 2026",2,ENERGY,Oil tumbles nearly 4% toward $85 a barrel as the US-Iran pause drains the war premium out of crude,Bloomberg,bloomberg.com,https://www.bloomberg.com/news/articles/2026-07-26/oil-tumbles-as-us-and-iran-pause-military-strikes-markets-wrap,"Brent giving back roughly $10 in two sessions is the market betting the ceasefire holds — but nothing physical has changed in Hormuz, so this is a repricing of probability, not of supply. For anyone who hedged energy near $100, this is the window to reset; for consumers of oil, lock in forward cover now, because the downside is capped by a war that can reignite overnight.",ÉNERGIE,"Le pétrole chute de près de 4 % vers 85 $ le baril, la trêve américano-iranienne évacuant la prime de guerre du brut","Un Brent qui rend environ 10 $ en deux séances traduit un pari du marché sur la tenue du cessez-le-feu — mais rien n'a physiquement changé dans le détroit d'Ormuz : c'est une revalorisation de probabilité, non d'offre. Pour quiconque a couvert son exposition énergétique près de 100 $, voici la fenêtre pour se repositionner ; pour les consommateurs de pétrole, verrouillez dès maintenant une couverture à terme, car la baisse est plafonnée par une guerre qui peut se rallumer du jour au lendemain."
2026-07-27,"Monday, 27 July 2026",3,MARKETS,"Wall Street futures jump — Nasdaq up 1.4%, S&P 500 futures near 7,510 — as the oil drop reopens the risk-on trade before the year's busiest week",Yahoo Finance,finance.yahoo.com,https://finance.yahoo.com/markets/live/stock-market-today-monday-july-27-dow-sp-500-nasdaq-080412540.html,"The same tape that sold off for two weeks on war and $100 oil is now gapping higher on relief — a reminder that this market is trading the geopolitical headline, not the earnings. With four of the five largest companies reporting and the Fed on Wednesday, chasing the open is dangerous; the rally is real but it is renting optimism from a fragile truce.",MARCHÉS,"Les contrats à terme de Wall Street bondissent — le Nasdaq en hausse de 1,4 %, le S&P 500 près de 7 510 — la chute du pétrole rouvrant l'appétit pour le risque avant la semaine la plus chargée de l'année","Le même marché qui a reculé pendant deux semaines sur fond de guerre et de pétrole à 100 $ ouvre désormais en forte hausse par soulagement — rappel qu'il négocie la manchette géopolitique, non les résultats. Avec quatre des cinq plus grandes capitalisations qui publient et la Fed mercredi, courir après l'ouverture est risqué : le rebond est réel, mais il emprunte son optimisme à une trêve fragile."
2026-07-27,"Monday, 27 July 2026",4,FED,The Fed decides Wednesday with markets pricing a real one-in-three chance of a rate hike as inflation sits at 3.7%,Forbes,forbes.com,https://www.forbes.com/sites/simonmoore/2026/07/23/markets-see-chance-fed-hikes-next-week-at-july-meeting/,"With the policy rate at 3.5–3.75% and inflation still nearly two points above target, an oil-driven price scare has put a hike back on the table for the first time in months — a genuine tail the bond market is only half-pricing. The move itself matters less than the language: guidance that keeps a hike live for September will lift the dollar and pressure every rate-sensitive asset into the fall.",FED,"La Fed tranche mercredi, les marchés évaluant à une chance réelle sur trois une hausse de taux alors que l'inflation s'établit à 3,7 %","Avec un taux directeur à 3,5–3,75 % et une inflation encore près de deux points au-dessus de la cible, une poussée des prix liée au pétrole a remis une hausse sur la table pour la première fois depuis des mois — un vrai risque de queue que le marché obligataire ne price qu'à moitié. La décision importe moins que le discours : une orientation maintenant une hausse plausible en septembre soutiendra le dollar et pèsera sur tout actif sensible aux taux jusqu'à l'automne."
2026-07-27,"Monday, 27 July 2026",5,BIG TECH,"Microsoft, Meta, Apple and Amazon all report this week, putting a trillion dollars of AI capex on trial",TradingKey,tradingkey.com,https://www.tradingkey.com/analysis/stocks/us-stocks/262054300-weekly-preview-fed-apple-microsoft-meta-amazon-earnings-reports-tradingkey,"Microsoft and Meta land Wednesday, Apple and Amazon Thursday, and after Alphabet was punished last week for spending, the question is no longer whether AI sells — it's whether the cloud revenue is outrunning the cost to build it. These four prints will set the tone for the entire index; a single soft capex outlook can undo the relief rally faster than the ceasefire built it.",GÉANTS TECH,"Microsoft, Meta, Apple et Amazon publient tous cette semaine, mettant en procès mille milliards de dollars d'investissements en IA","Microsoft et Meta publient mercredi, Apple et Amazon jeudi, et après la sanction infligée à Alphabet la semaine dernière pour ses dépenses, la question n'est plus de savoir si l'IA se vend — mais si les revenus du nuage dépassent le coût de sa construction. Ces quatre résultats donneront le ton à tout l'indice ; une seule prévision d'investissement décevante peut défaire le rebond de soulagement plus vite que le cessez-le-feu ne l'a bâti."
2026-07-27,"Monday, 27 July 2026",6,AI INFRASTRUCTURE,"Nvidia is in talks to backstop $250B of financing for an OpenAI data center, the Journal reports",Investing.com,investing.com,https://www.investing.com/news/stock-market-news/nvidia-in-talks-with-openai-to-guarantee-250-billion-financing-for-data-center-wsj-reports-4812926,"A chipmaker guaranteeing a quarter-trillion in debt for its own largest customer's 10-gigawatt Ohio site is vendor financing at a scale never seen — the AI buildout is now so capital-hungry that Nvidia is underwriting demand to keep it going. Bulls see a demand signal; skeptics see circular financing that concentrates systemic risk in one balance sheet. Either way, treat it as an unverified report until the parties confirm it.",INFRASTRUCTURE IA,"Nvidia serait en pourparlers pour garantir 250 G$ de financement d'un centre de données d'OpenAI, selon le Journal","Un fabricant de puces garantissant un quart de billion de dette pour le site ohioyen de 10 gigawatts de son plus gros client, c'est du financement fournisseur d'une ampleur jamais vue — la construction de l'IA est désormais si gourmande en capital que Nvidia souscrit la demande pour l'entretenir. Les optimistes y voient un signal de demande ; les sceptiques, un financement circulaire concentrant le risque systémique dans un seul bilan. Dans tous les cas, tenez-le pour une information non vérifiée tant que les parties ne l'ont pas confirmée."
2026-07-27,"Monday, 27 July 2026",7,CANADA,"Trump hits Canada with a new 10% tariff but exempts CUSMA-compliant goods, as Carney says Ottawa is ""ready to respond""",BNN Bloomberg,bnnbloomberg.ca,https://www.bnnbloomberg.ca/tariffs/2026/07/24/everything-is-on-the-table-in-us-trade-talks-pm-carney-trump-hits-canada-with-10-tariffs/,"The carve-out for CUSMA-compliant goods is the whole story: the headline rate is 10%, but the real exposure sits with exporters who can't certify origin under the trade deal. For Canadian firms, the move turns rules-of-origin paperwork into a competitive weapon — get compliant and you dodge the wall; stay sloppy and you eat it. The intensified talks, not the tariff, are where the value swings.",CANADA,"Trump frappe le Canada d'un nouveau tarif de 10 % mais exempte les biens conformes à l'ACEUM, Carney affirmant qu'Ottawa est « prêt à réagir »","L'exemption des biens conformes à l'ACEUM résume tout : le taux affiché est de 10 %, mais l'exposition réelle vise les exportateurs incapables de certifier l'origine selon l'accord. Pour les entreprises canadiennes, la mesure transforme la paperasse sur les règles d'origine en arme concurrentielle — soyez conforme et vous évitez le mur ; restez négligent et vous l'encaissez. C'est l'intensification des pourparlers, non le tarif, qui fera bouger la valeur."
2026-07-27,"Monday, 27 July 2026",8,CHINA,"China's Q2 growth misses Beijing's target for the first time since Covid, hardening the case for a bigger stimulus",CNN,cnn.com,https://www.cnn.com/2026/07/14/business/china-q2-gdp-export-economy-intl-hnk,"A missed target with slumping investment tells you the property drag is still winning and the calibrated approach isn't enough — a larger stimulus package is now a question of when, not if. For commodity exporters and multinationals with China revenue, position ahead of a policy jolt in the second half; this print is the floor, not the trend.",CHINE,"La croissance chinoise du deuxième trimestre manque la cible de Pékin pour la première fois depuis la Covid, renforçant l'argument d'une relance plus vaste","Une cible manquée sur fond d'effondrement de l'investissement montre que le frein immobilier l'emporte toujours et que l'approche calibrée ne suffit pas — un plan de relance plus vaste est désormais une question de moment, non de principe. Pour les exportateurs de matières premières et les multinationales exposées à la Chine, positionnez-vous avant un choc de politique au second semestre ; ce chiffre est le plancher, non la tendance."
2026-07-27,"Monday, 27 July 2026",9,MACRO,US Q2 GDP and the Fed's preferred inflation gauge both land Thursday — the data that decides whether the hike talk sticks,Yahoo Finance,finance.yahoo.com,https://finance.yahoo.com/markets/article/4-big-tech-earnings-reports-a-fed-meeting-and-100-oil-its-the-busiest-week-of-the-quarter-100000261.html,"Growth is seen accelerating to about 2.3% while core PCE holds near 3.3% — a ""too-hot-to-cut"" combination that validates the hawks if it prints as expected. This is the number that turns Wednesday's Fed language into Friday's positioning; a hot GDP with sticky PCE is the worst mix for bonds and the best case for the dollar.",MACRO,Le PIB américain du deuxième trimestre et l'indice d'inflation préféré de la Fed tombent tous deux jeudi — les données qui décideront si la menace de hausse tient,"La croissance devrait accélérer à environ 2,3 % tandis que l'indice PCE de base se maintient près de 3,3 % — une combinaison « trop chaude pour baisser » qui donnerait raison aux faucons si elle se confirme. C'est le chiffre qui transformera le discours de la Fed de mercredi en positionnement de vendredi ; un PIB vigoureux couplé à un PCE tenace est le pire mélange pour les obligations et le meilleur scénario pour le dollar."
2026-07-27,"Monday, 27 July 2026",10,SECURITY,Russia hits a Kyiv apartment block with ballistic missiles as the war's second front grinds on beneath the Gulf headlines,Kyiv Independent,kyivindependent.com,https://kyivindependent.com/kyiv-attack-july-26-2026/,"An 18-story residential building struck overnight — days after a ballistic strike on a Kyiv arms exhibition killed 10 and wounded over 100 — shows Russia escalating even as the world's attention shifts to Iran. For European energy and defense planners, the risk of a simultaneous Gulf-and-Europe shock hasn't receded with the Iran pause; it has simply gone quiet in the headlines.",SÉCURITÉ,"La Russie frappe un immeuble résidentiel de Kyiv à coups de missiles balistiques, le second front de la guerre se poursuivant sous les manchettes du Golfe","Un immeuble résidentiel de 18 étages frappé durant la nuit — quelques jours après une frappe balistique sur une exposition d'armement à Kyiv ayant tué 10 personnes et blessé plus de 100 — montre une Russie qui escalade alors même que l'attention mondiale se tourne vers l'Iran. Pour les planificateurs européens de l'énergie et de la défense, le risque d'un choc simultané Golfe-Europe n'a pas reculé avec la trêve iranienne ; il s'est simplement tu dans l'actualité."
2026-07-27,"Monday, 27 July 2026",11,OPEC,OPEC+ keeps unwinding its cuts with another August output hike — the bearish counterweight now that the war premium is fading,Al Jazeera,aljazeera.com,https://www.aljazeera.com/economy/2026/7/6/opec-countries-say-they-will-expand-monthly-oil-production,"The cartel adding barrels was easy to ignore while war ruled the tape; with the Iran premium draining out, that extra supply suddenly matters and reinforces the move lower in crude. Watch the spread between OPEC quota and physical delivery through Hormuz — if the truce holds, the market flips from fearing a shortage to pricing a glut.",OPEP,L'OPEP+ poursuit le dénouement de ses réductions avec une nouvelle hausse de production pour août — le contrepoids baissier maintenant que la prime de guerre s'estompe,"L'ajout de barils par le cartel était facile à ignorer tant que la guerre dominait le marché ; la prime iranienne s'évaporant, cette offre supplémentaire compte soudain et renforce la baisse du brut. Surveillez l'écart entre le quota de l'OPEP et la livraison physique via Ormuz — si la trêve tient, le marché passera de la crainte d'une pénurie à l'anticipation d'un excédent."
2026-07-27,"Monday, 27 July 2026",12,COMMODITIES,"Gold barely blinks near $4,090 even as risk appetite returns — the safe-haven bid isn't buying the ceasefire",Trading Economics,tradingeconomics.com,https://tradingeconomics.com/commodity/gold,"When oil falls 4% and equities gap up but gold holds its ground, the message is that big money is treating the truce as reversible and keeping its insurance on. Gold's refusal to sell off is the tell to trust over the equity rally; if you own none into a fragile ceasefire, a cornered Fed and a 3.7% CPI, you're running an un-hedged book.",MATIÈRES PREMIÈRES,L'or bronche à peine près de 4 090 $ alors même que l'appétit pour le risque revient — la demande de valeur refuge ne croit pas au cessez-le-feu,"Quand le pétrole chute de 4 %, que les actions ouvrent en forte hausse mais que l'or tient bon, le message est que les grands capitaux jugent la trêve réversible et conservent leur assurance. Le refus de l'or de reculer est le signal à privilégier sur le rebond des actions ; si vous n'en détenez pas face à un cessez-le-feu fragile, à une Fed acculée et à une inflation de 3,7 %, vous gérez un livre non couvert."
2026-07-27,"Monday, 27 July 2026",13,INDUSTRIALS,Boeing reports Tuesday with a $695B backlog as investors test whether the delivery-ramp turnaround is finally real,24/7 Wall St.,247wallst.com,https://247wallst.com/investing/2026/07/24/boeing-has-a-695b-backlog-and-analysts-see-29-upside-should-you-buy-before-july-28-earnings/,"A near-$700B backlog is meaningless if Boeing can't build and deliver — so the only numbers that matter Tuesday are delivery rates and free cash flow, not the order book. For a stock analysts see with roughly 29% upside, this print is the binary: proof the production ramp is sustainable re-rates it, another stumble resets the entire recovery thesis.",INDUSTRIE,"Boeing publie mardi avec un carnet de commandes de 695 G$, les investisseurs vérifiant si le redressement de la cadence de livraisons est enfin réel","Un carnet de près de 700 G$ ne vaut rien si Boeing ne peut construire et livrer — les seuls chiffres qui comptent mardi sont donc les cadences de livraison et les flux de trésorerie disponibles, non les commandes. Pour un titre que les analystes voient avec un potentiel d'environ 29 %, ce résultat est binaire : la preuve d'une montée en cadence durable le revalorise, un nouveau faux pas réinitialise toute la thèse de redressement."
2026-07-27,"Monday, 27 July 2026",14,ENERGY EARNINGS,Exxon and Chevron close the week Friday after a 30% run in the oil majors — but they report into a falling crude price,TIKR,tikr.com,https://www.tikr.com/blog/exxonmobil-stock-is-up-30-in-2026-is-it-too-late-to-buy-before-july-31-earnings,"The supermajors are reporting a quarter inflated by the war spike just as that premium unwinds — so guidance and buyback pace will matter far more than the backward-looking beat. With Exxon up about 30% on the year, the risk is a ""sell-the-news"" setup: strong results already priced, and a softer oil outlook capping the next leg.",RÉSULTATS ÉNERGIE,Exxon et Chevron clôturent la semaine vendredi après une flambée de 30 % des majors pétrolières — mais publient sur fond de brut en baisse,"Les supermajors publient un trimestre gonflé par la flambée de guerre au moment même où cette prime se dénoue — les prévisions et le rythme des rachats d'actions compteront donc bien plus que le résultat rétrospectif. Avec Exxon en hausse d'environ 30 % sur l'année, le risque est un scénario de « vente sur la nouvelle » : de bons résultats déjà intégrés et une perspective pétrolière plus molle plafonnant la prochaine jambe."
2026-07-27,"Monday, 27 July 2026",15,ENERGY,"European gas prices level off as shipping traffic stirs again in Hormuz, easing the LNG-supply scare",Baird Maritime,bairdmaritime.com,https://www.bairdmaritime.com/shipping/tankers/gas/european-gas-prices-level-off-as-shipping-traffic-stirs-in-hormuz,"The same de-escalation pulling oil lower is capping the TTF benchmark that spiked toward €46 on the war — a direct relief for European industry heading into next winter's restocking. But the fear premium can snap back on a single Hormuz incident; utilities and industrials should use this dip to lock forward supply, not to assume the crisis is over.",ÉNERGIE,"Les prix du gaz européen se stabilisent alors que le trafic maritime reprend dans le détroit d'Ormuz, apaisant la crainte sur l'approvisionnement en GNL","La même désescalade qui fait baisser le pétrole plafonne l'indice TTF qui avait bondi vers 46 € sur fond de guerre — un soulagement direct pour l'industrie européenne à l'approche du réapprovisionnement de l'hiver prochain. Mais la prime de peur peut resurgir sur un seul incident dans Ormuz ; les services publics et les industriels devraient profiter de ce repli pour verrouiller leur approvisionnement à terme, non pour croire la crise terminée."
2026-07-27,"Monday, 27 July 2026",16,SECURITY,"Gaza's truce ""exists only on paper"" as Israeli strikes continue and the barrier expands, residents say",NBC News,nbcnews.com,https://www.nbcnews.com/world/gaza/israel-steps-deadly-strikes-expands-physical-barrier-gaza-truce-rcna587623,"A ceasefire being violated in practice while holding in name is the template to watch as Washington sells an Iran ""pause"" — it shows how quickly a paper truce erodes without enforcement. For anyone modeling Middle East risk, Gaza is the cautionary case: a de-escalation headline is not the same as a durable settlement, and markets that price the former often ignore the latter.",SÉCURITÉ,"La trêve de Gaza « n'existe que sur le papier », les frappes israéliennes se poursuivant et la barrière s'étendant, selon des habitants","Un cessez-le-feu violé dans les faits mais maintenu en nom est le modèle à surveiller alors que Washington vante une « trêve » avec l'Iran — il montre à quelle vitesse une trêve de papier s'érode sans mécanisme d'application. Pour quiconque modélise le risque au Moyen-Orient, Gaza est le cas d'école : une manchette de désescalade n'équivaut pas à un règlement durable, et les marchés qui valorisent la première ignorent souvent le second."
2026-07-27,"Monday, 27 July 2026",17,CONSUMER,"Coca-Cola and Starbucks report this week, giving the clearest read yet on whether the consumer is cracking",FX Leaders,fxleaders.com,https://www.fxleaders.com/news/2026/07/26/top-earnings-to-watch-this-week-july-27-31-what-to-expect-from-msft-meta-aapl-amzn-ko-ba-and-f/,"Staples and discretionary coffee in the same week bracket the consumer: Coke's pricing power versus Starbucks' traffic will show whether households are trading down as energy and tariffs bite. This is the ground-truth check on the ""resilient consumer"" narrative — if a premium habit like Starbucks softens, the soft-landing case gets harder to defend.",CONSOMMATION,"Coca-Cola et Starbucks publient cette semaine, offrant la lecture la plus nette de la résistance du consommateur","Un bien de consommation courante et un café discrétionnaire la même semaine encadrent le consommateur : le pouvoir de fixation des prix de Coke face à l'achalandage de Starbucks révélera si les ménages se rabattent sur le bas de gamme sous l'effet de l'énergie et des tarifs. C'est le test de terrain du récit du « consommateur résilient » — si une habitude haut de gamme comme Starbucks faiblit, le scénario d'atterrissage en douceur devient plus difficile à défendre."
2026-07-27,"Monday, 27 July 2026",18,PAYMENTS,"Visa and Mastercard report this week, and their spending data is a real-time X-ray of the economy the Fed is about to judge",MoneyCheck,moneycheck.com,https://moneycheck.com/big-tech-earnings-week-microsoft-msft-apple-aapl-amazon-amzn-meta-meta-and-visa-v-set-to-report/,"The card networks see consumer and cross-border spending before any government statistic — so their volumes are the cleanest live read on demand as the Fed debates a hike. Watch cross-border and travel: if that high-margin spending is still growing through the oil shock, it argues the consumer is absorbing higher prices rather than retrenching.",PAIEMENTS,"Visa et Mastercard publient cette semaine, et leurs données de dépenses constituent une radiographie en temps réel de l'économie que la Fed s'apprête à juger","Les réseaux de cartes voient les dépenses des consommateurs et transfrontalières avant toute statistique gouvernementale — leurs volumes sont donc la lecture en direct la plus nette de la demande alors que la Fed débat d'une hausse. Surveillez le transfrontalier et le voyage : si ces dépenses à forte marge croissent encore malgré le choc pétrolier, cela indique que le consommateur absorbe les hausses de prix plutôt que de se replier."
2026-07-27,"Monday, 27 July 2026",19,CRYPTO,"Bitcoin holds near $64,000 as the risk-on turn tests whether crypto trades as a liquidity proxy or a haven",CryptoTicker,cryptoticker.io,https://cryptoticker.io/en/crypto-prices-today-bitcoin-holds-64k-ethereum-outperforms/,"After bleeding on rising yields and war, a stable Bitcoin into the relief rally is the tell: if crypto rips as risk returns, it's confirmed as a high-beta liquidity proxy, not ""digital gold."" That distinction matters for allocation — you can't use the same asset to express both risk-on optimism and a hedge against the war lifting actual gold.",CRYPTO,"Le bitcoin se maintient près de 64 000 $, le retour de l'appétit pour le risque testant s'il se négocie comme un indicateur de liquidité ou comme une valeur refuge","Après avoir souffert de la hausse des rendements et de la guerre, un bitcoin stable à l'orée du rebond de soulagement est révélateur : s'il s'envole avec le retour du risque, il se confirme comme un indicateur de liquidité à bêta élevé, non comme de « l'or numérique ». Cette distinction compte pour l'allocation — on ne peut utiliser le même actif pour exprimer à la fois l'optimisme du risque et une couverture contre la guerre qui fait grimper l'or véritable."
2026-07-27,"Monday, 27 July 2026",20,SHIPPING,"Even as Hormuz calms, Houthis threaten a Bab al-Mandeb blockade — the war-risk premium is moving, not disappearing",NPR,npr.org,https://www.npr.org/2026/07/26/g-s1-135593/us-pauses-attacks-iran-second-day-tehran,"A Hormuz compromise that reopens tanker transit is being shadowed by an Iranian-aligned threat to the Red Sea's southern gate — so shippers swap one chokepoint risk for another rather than clearing it. For freight, insurance and supply chains, the lesson is that de-escalation in one strait doesn't lower the structural premium; route and hedge for a two-chokepoint world.",TRANSPORT MARITIME,"Alors même qu'Ormuz s'apaise, les Houthis menacent d'un blocus de Bab al-Mandeb — la prime de risque de guerre se déplace, elle ne disparaît pas","Un compromis à Ormuz rouvrant le transit des pétroliers est aussitôt éclipsé par une menace pro-iranienne sur la porte sud de la mer Rouge — les transporteurs échangent donc un risque de goulot d'étranglement contre un autre plutôt que de l'éliminer. Pour le fret, l'assurance et les chaînes d'approvisionnement, la leçon est qu'une désescalade dans un détroit n'abaisse pas la prime structurelle ; planifiez vos routes et couvrez-vous pour un monde à deux goulots d'étranglement."
2026-07-28,"Tuesday, 28 July 2026",1,DIPLOMACY,"US-Iran fighting stays paused for a third day, but Tehran calls the talks 'fabricated' as Netanyahu heads to the White House to plot the next phase",CNBC,cnbc.com,https://www.cnbc.com/2026/07/27/us-iran-war-trump-hormuz.html,"The guns are quiet but the diplomacy is contested: Trump claims 'deep talks,' Iran denies any negotiation, and there is still no signed ceasefire — only a pause he says he can end at will. Netanyahu arriving to coordinate the future of the air war signals the military option is in reserve, not retired; treat the calm as conditional and reversible on a day's notice.",DIPLOMATIE,"Les combats américano-iraniens restent suspendus pour un troisième jour, mais Téhéran qualifie les pourparlers de « fabriqués » tandis que Netanyahou gagne la Maison-Blanche pour planifier la suite","Les armes se taisent, mais la diplomatie est contestée : Trump évoque des « pourparlers approfondis », l'Iran nie toute négociation, et aucun cessez-le-feu n'est signé — seulement une trêve qu'il dit pouvoir rompre à volonté. L'arrivée de Netanyahou pour coordonner l'avenir de la guerre aérienne signale que l'option militaire est en réserve, non abandonnée ; considérez ce calme comme conditionnel et réversible en une journée."
2026-07-28,"Tuesday, 28 July 2026",2,MACRO,"The Fed meets today and decides Wednesday with a live one-in-four chance of a rate hike as inflation, not growth, becomes the board's main worry",Forbes,forbes.com,https://www.forbes.com/sites/investor-hub/article/fed-meeting-tracker-interest-rate-strategy/,"Consensus is no change from 3.50-3.75%, but a roughly 25% market-implied hike probability is unusually high for a meeting the tape treats as a formality — and with no new projections, the signal will be the statement's language, not a dot plot. With Waller flagging inflation as the priority, the risk is a hawkish surprise landing in the busiest earnings week of the year; position for two-way volatility Wednesday afternoon.",MACRO,"La Fed se réunit aujourd'hui et tranche mercredi, avec une probabilité bien réelle d'une hausse sur quatre, l'inflation — non la croissance — devenant la préoccupation première du comité","Le consensus table sur un statu quo à 3,50-3,75 %, mais une probabilité de hausse d'environ 25 % est inhabituellement élevée pour une réunion perçue comme une formalité — et faute de nouvelles projections, le signal résidera dans le libellé du communiqué, non dans les points. Waller désignant l'inflation comme priorité, le risque est une surprise restrictive au cœur de la semaine de résultats la plus chargée de l'année ; positionnez-vous pour une volatilité bidirectionnelle mercredi après-midi."
2026-07-28,"Tuesday, 28 July 2026",3,ENERGY,Oil extends its slide toward $86 Brent as the US-Iran pause drains the war premium out of crude for a third session,CNBC,cnbc.com,https://www.cnbc.com/2026/07/28/oil-price-today-wti-brent-us-iran-hormuz.html,"Brent near $86, down again on the day, is the market pricing the probability that the truce holds — not any change in physical supply through Hormuz, where nothing has actually reopened. This is the window to reset energy hedges taken near $100: the downside is capped by a war that can reignite overnight, so buyers of oil should lock forward cover while it is cheap.",ÉNERGIE,"Le pétrole prolonge sa baisse vers 86 $ le baril de Brent, la trêve américano-iranienne évacuant la prime de guerre du brut pour une troisième séance","Un Brent proche de 86 $, encore en baisse sur la journée, traduit un pari du marché sur la tenue de la trêve — non un changement d'offre physique dans le détroit d'Ormuz, où rien n'a réellement rouvert. Voici la fenêtre pour réajuster les couvertures énergétiques prises près de 100 $ : la baisse est plafonnée par une guerre qui peut se rallumer du jour au lendemain, alors les acheteurs de pétrole devraient verrouiller une couverture à terme tant qu'elle est bon marché."
2026-07-28,"Tuesday, 28 July 2026",4,MARKETS,Four of the five biggest companies report this week into a market already in revolt over AI spending after Alphabet's capex shock,Fortune,fortune.com,https://fortune.com/2026/07/26/big-tech-earnings-meta-microsoft-apple-amazon-market-revolt-ai-spending/,"Microsoft and Meta report Wednesday, Apple and Amazon Thursday, all after Alphabet raised 2026 capex toward $205B and posted its first negative free cash flow since 2004, sending its stock down 7%. The trade that rewarded AI buildout is inverting to reward restraint; the read-through is that guidance on capital spending, not revenue, will move these names — and with them the index.",MARCHÉS,"Quatre des cinq plus grandes entreprises publient cette semaine dans un marché déjà en révolte contre les dépenses en IA, après le choc des investissements d'Alphabet","Microsoft et Meta publient mercredi, Apple et Amazon jeudi, après qu'Alphabet a porté ses investissements 2026 vers 205 G$ et affiché son premier flux de trésorerie disponible négatif depuis 2004, faisant chuter son titre de 7 %. Le pari qui récompensait la construction de capacités d'IA s'inverse pour récompenser la retenue ; à retenir : ce sont les prévisions de dépenses en capital, non les revenus, qui feront bouger ces titres — et avec eux l'indice."
2026-07-28,"Tuesday, 28 July 2026",5,MARKETS,"Apple overtakes Nvidia to reclaim the title of world's most valuable company, rewarded for renting AI capacity rather than building it",CNBC,cnbc.com,https://www.cnbc.com/2026/07/27/apple-most-valuable-company-nvidia.html,Apple at roughly $4.94T edged past Nvidia's $4.83T — its first time on top since April 2025 — precisely because it has held back on the capex the market is now punishing elsewhere. The leadership flip is the clearest tell yet that investor sentiment has rotated from 'spend to win the AI race' to 'protect free cash flow'; watch whether Thursday's results validate the re-rating or puncture it.,MARCHÉS,"Apple dépasse Nvidia et redevient l'entreprise la plus valorisée au monde, récompensée pour louer sa capacité d'IA plutôt que la construire","Apple, à environ 4,94 billions $, devance Nvidia (4,83 billions $) — une première depuis avril 2025 — précisément parce qu'elle a limité les investissements que le marché sanctionne désormais ailleurs. Ce renversement de tête est le signe le plus net que le sentiment des investisseurs est passé de « dépenser pour gagner la course à l'IA » à « protéger le flux de trésorerie » ; à surveiller : les résultats de jeudi valideront-ils la revalorisation ou la perceront-ils."
2026-07-28,"Tuesday, 28 July 2026",6,JAPAN,A magnitude 7.1 quake hits Kumamoto with a tsunami advisory — and puts TSMC and Sony chip plants in the shake zone,The Japan Times,japantimes.co.jp,https://www.japantimes.co.jp/news/2026/07/28/japan/strong-earthquake-kyushu/,"The shallow quake registered the top intensity on Japan's scale, toppled buildings, sparked fires and cut power to 48,300 households; nuclear plants reported no abnormalities. The decision-grade angle is the semiconductor supply chain — TSMC and Sony operate fabs in the region, so even a brief production halt or inspection cycle tightens an already stressed memory-and-logic market that Big Tech is about to report against.",JAPON,"Un séisme de magnitude 7,1 frappe Kumamoto avec un avis de tsunami — et place des usines de puces de TSMC et Sony dans la zone de secousses","Ce séisme superficiel a atteint l'intensité maximale de l'échelle japonaise, effondré des bâtiments, déclenché des incendies et privé 48 300 foyers d'électricité ; les centrales nucléaires n'ont signalé aucune anomalie. L'angle décisionnel, c'est la chaîne d'approvisionnement des semi-conducteurs — TSMC et Sony exploitent des usines dans la région, si bien qu'un simple arrêt de production ou cycle d'inspection resserre un marché de la mémoire et de la logique déjà sous tension, à la veille des résultats des géants technologiques."
2026-07-28,"Tuesday, 28 July 2026",7,RUSSIA,Nearly 400 Ukrainian drones swarm Moscow overnight as a Belgorod bus strike wounds 19 — the war reaches deep into Russia's core,The Moscow Times,themoscowtimes.com,https://www.themoscowtimes.com/2026/07/28/hundreds-of-ukrainian-drones-target-moscow-in-overnight-blitz-a93356,"Moscow tracked about 390 drones and Russia says it downed 356 nationwide, with an apartment block hit south of the capital and a bus attacked in Shebekino. The tempo shows Ukraine can now impose cost on Moscow itself even as attention shifts to Iran; for anyone reading escalation risk, the two wars are converging on the same airspace, insurance and energy-infrastructure exposures.",RUSSIE,"Près de 400 drones ukrainiens déferlent sur Moscou durant la nuit, une frappe sur un autobus à Belgorod blessant 19 personnes — la guerre atteint le cœur de la Russie","Moscou a suivi environ 390 drones et la Russie affirme en avoir abattu 356 à l'échelle nationale, un immeuble ayant été touché au sud de la capitale et un autobus attaqué à Chebekino. Ce rythme montre que l'Ukraine peut désormais imposer un coût à Moscou même alors que l'attention se porte sur l'Iran ; pour qui évalue le risque d'escalade, les deux guerres convergent sur les mêmes expositions — espace aérien, assurance et infrastructures énergétiques."
2026-07-28,"Tuesday, 28 July 2026",8,HORMUZ,The shape of a Hormuz deal emerges — Iran would manage vessel transit with fewer restrictions in exchange for a halt to strikes,Fortune,fortune.com,https://fortune.com/2026/07/26/us-iran-deal-talks-vessel-transit-strait-of-hormuz-restrictions-ships/,"Even with Tehran publicly denying talks, the reported framework — normalized transit through the strait — is the single variable that most oil and shipping risk hinges on. If it holds, war-risk insurance and tanker rates ease and the crude selloff extends; if it collapses, the same premium snaps back, so track the strait's actual traffic and insurance quotes, not the diplomatic denials.",ORMUZ,Les contours d'un accord sur Ormuz se dessinent — l'Iran gérerait le transit des navires avec moins de restrictions en échange d'un arrêt des frappes,"Même si Téhéran nie publiquement les pourparlers, le cadre rapporté — un transit normalisé par le détroit — est la variable dont dépend l'essentiel du risque pétrolier et maritime. S'il tient, les primes d'assurance de guerre et les taux d'affrètement se détendent et la baisse du brut se prolonge ; s'il s'effondre, la prime revient d'un coup — surveillez donc le trafic réel du détroit et les cotations d'assurance, non les démentis diplomatiques."
2026-07-28,"Tuesday, 28 July 2026",9,DEFENCE,Finland shuts part of its southern airspace and restricts shipping near Russia as stray Ukrainian drones drift into the Baltic,Yle,yle.fi,https://yle.fi/a/74-20237773,"A NATO border state closing airspace and sea lanes as a precaution against drones shows the war's spillover is now a recurring operational fact on the alliance's frontier, not a one-off. Each closure carries real cost to Baltic shipping and aviation and raises the odds of an incident that pulls NATO closer in; watch for a pattern of restrictions hardening into permanent rules of the road.",DÉFENSE,"La Finlande ferme une partie de son espace aérien méridional et restreint la navigation près de la Russie, des drones ukrainiens égarés dérivant vers la Baltique","Un État frontalier de l'OTAN fermant son espace aérien et ses voies maritimes par précaution contre les drones montre que le débordement de la guerre est désormais un fait opérationnel récurrent à la frontière de l'Alliance, non un incident isolé. Chaque fermeture a un coût réel pour la navigation et l'aviation baltes et accroît le risque d'un incident rapprochant l'OTAN ; surveillez la cristallisation de ces restrictions en règles permanentes."
2026-07-28,"Tuesday, 28 July 2026",10,DEFENCE,"French wildfires close in on nuclear-deterrence and Rafale assembly sites, exposing how climate stress now threatens defence-industrial capacity",Defense News,defensenews.com,https://www.defensenews.com/global/europe/2026/07/28/french-wildfires-threaten-nuclear-deterrence-industry-rafale-assembly/,"Fires forcing precautions around strategic weapons and fighter production is a concrete case of environmental risk hitting the hardest end of the industrial base. As Western governments race to rebuild munitions and platforms, single-site concentration plus climate exposure is a supply-chain vulnerability boards and ministries can no longer treat as remote.",DÉFENSE,"Les incendies français menacent des sites de la dissuasion nucléaire et de l'assemblage du Rafale, révélant comment le stress climatique menace désormais la capacité industrielle de défense","Des incendies imposant des précautions autour des armes stratégiques et de la production d'avions de chasse illustrent concrètement le risque environnemental frappant le segment le plus critique de la base industrielle. Alors que les gouvernements occidentaux se hâtent de reconstituer munitions et plateformes, la concentration sur un seul site conjuguée à l'exposition climatique constitue une vulnérabilité de chaîne d'approvisionnement que conseils et ministères ne peuvent plus juger lointaine."
2026-07-28,"Tuesday, 28 July 2026",11,DEFENCE,"Western powers scramble to re-shore explosives production, admitting the munitions base was hollowed out just as demand surged",WSJ,wsj.com,https://www.wsj.com/world/europe/western-powers-race-to-bring-the-production-of-explosives-back-home-651ea8bb,"Bringing energetics manufacturing home is a multi-year, capital-heavy fix to a dependency that two active wars have made acute. For operators, this is a durable industrial-policy tailwind — reshoring, onshoring and defence-adjacent capex — and a reminder that the bottleneck in Western rearmament is chemistry and plant, not political will.",DÉFENSE,"Les puissances occidentales se hâtent de rapatrier la production d'explosifs, admettant que la base de munitions s'est vidée au moment même où la demande explosait","Rapatrier la fabrication d'explosifs est une solution pluriannuelle et gourmande en capital à une dépendance que deux guerres actives ont rendue aiguë. Pour les opérateurs, c'est un vent porteur durable de politique industrielle — relocalisation et investissements liés à la défense — et un rappel que le goulet d'étranglement du réarmement occidental est chimique et industriel, non politique."
2026-07-28,"Tuesday, 28 July 2026",12,DEFENCE,"The Pentagon demands cheaper long-range strike weapons on a three-month test timeline, betting on mass and speed over exquisite platforms",Defense News,defensenews.com,https://www.defensenews.com/news/2026/07/27/pentagon-calls-for-cheaper-long-range-strike-weapons-with-testing-in-just-3-months/,"A compressed test-and-field timeline signals a doctrine shift toward attritable, affordable munitions that Iran and Ukraine have shown decide modern fights. The winners are non-traditional and commercial-adjacent suppliers who can iterate fast; the losers are legacy primes whose cost and cadence no longer match the threat.",DÉFENSE,"Le Pentagone réclame des armes de frappe à longue portée moins chères, testées en trois mois, misant sur la masse et la rapidité plutôt que sur des plateformes d'exception","Un calendrier d'essais et de mise en service comprimé signale un virage doctrinal vers des munitions abordables et « consommables », dont l'Iran et l'Ukraine ont montré qu'elles décident les combats modernes. Les gagnants seront des fournisseurs non traditionnels, proches du commercial, capables d'itérer vite ; les perdants, les grands maîtres d'œuvre dont le coût et la cadence ne correspondent plus à la menace."
2026-07-28,"Tuesday, 28 July 2026",13,CANADA,Economists warn of a 'very concerning' lack of transparency in Ottawa's finances as the fiscal picture goes dark,National Post,nationalpost.com,https://nationalpost.com/news/economists-sound-the-alarms-about-very-concerning-lack-of-transparency-on-federal-finances,"When credible economists say they can no longer see the federal books clearly, the risk premium on Canadian fiscal credibility rises regardless of the underlying numbers. For anyone allocating to Canada — bonds, the loonie, federally dependent sectors — opacity itself is the signal: price in wider uncertainty until the government restores a clear fiscal anchor.",CANADA,"Des économistes alertent sur un manque de transparence « très préoccupant » des finances fédérales, alors que le tableau budgétaire s'obscurcit","Quand des économistes crédibles affirment ne plus voir clairement les comptes fédéraux, la prime de risque sur la crédibilité budgétaire canadienne monte, quels que soient les chiffres sous-jacents. Pour quiconque s'expose au Canada — obligations, dollar canadien, secteurs tributaires du fédéral — l'opacité est en soi le signal : intégrez une incertitude accrue tant que le gouvernement ne rétablit pas un ancrage budgétaire clair."
2026-07-28,"Tuesday, 28 July 2026",14,CANADA,"Trump floats tariffs on Canadian wildfire smoke, turning cross-border haze into a new trade-pressure lever",CBC,cbc.ca,https://www.cbc.ca/news/climate/wildfire-mitigation-communities-9.7286495,"Whether or not smoke tariffs are workable, the threat weaponizes an environmental externality as leverage in the broader Canada-US trade relationship. Treat it as a tell about tactics — Washington will attach trade pressure to almost any file — and a prompt for Ottawa to price political risk into every cross-border dependency, from energy to autos.",CANADA,"Trump évoque des tarifs sur la fumée des incendies canadiens, transformant la brume transfrontalière en nouveau levier de pression commerciale","Réalisables ou non, ces tarifs sur la fumée transforment une externalité environnementale en levier dans la relation commerciale Canada-États-Unis. Voyez-y un indice de méthode — Washington greffera une pression commerciale sur presque tout dossier — et une incitation pour Ottawa à intégrer le risque politique dans chaque dépendance transfrontalière, de l'énergie à l'automobile."
2026-07-28,"Tuesday, 28 July 2026",15,ENERGY,"PetroChina weighs selling its LNG Canada stake, a potential reshuffle of foreign capital in a flagship Canadian export project",Financial Post,financialpost.com,https://financialpost.com/pmn/business-pmn/petrochina-is-said-to-mull-lng-canada-stake-sale-to-fund-growth,"A Chinese state major considering an exit from Canada's marquee LNG asset touches energy security, foreign-ownership politics and who controls Pacific export capacity. Watch the buyer: a Western or allied purchaser reframes the project's strategic alignment, while the sale itself signals how Beijing is repositioning capital as Canada-China ties stay cool.",ÉNERGIE,"PetroChina envisagerait de vendre sa participation dans LNG Canada, possible reconfiguration des capitaux étrangers dans un projet d'exportation canadien phare","Un géant public chinois envisageant de quitter l'actif GNL emblématique du Canada touche à la sécurité énergétique, à la politique de propriété étrangère et au contrôle de la capacité d'exportation vers le Pacifique. Surveillez l'acquéreur : un acheteur occidental ou allié réoriente l'alignement stratégique du projet, tandis que la vente elle-même montre comment Pékin repositionne ses capitaux dans un climat sino-canadien froid."
2026-07-28,"Tuesday, 28 July 2026",16,TECHNOLOGY,"Anthropic's Amodei tells Washington not to ban cheap AI but to clamp down on China, drawing the battle lines of AI industrial policy",Politico,politico.com,https://www.politico.com/news/2026/07/27/anthropic-ceo-dont-ban-cheap-ai-but-clamp-down-on-china-01013217,"A leading lab founder lobbying to keep open, low-cost models legal while hardening controls on China frames the coming rule-set for who can build and sell AI. The policy split — cheap-and-open versus China containment — is where compliance cost, export controls and market access for AI firms will be decided; position for a regime that favours Western open models and restricts Chinese ones.",TECHNOLOGIE,"Amodei, d'Anthropic, exhorte Washington à ne pas interdire l'IA bon marché mais à endiguer la Chine, traçant les lignes de la politique industrielle de l'IA","Le fondateur d'un laboratoire de premier plan plaidant pour garder légaux les modèles ouverts et bon marché tout en durcissant les contrôles sur la Chine dessine le futur cadre réglementaire de l'IA. Ce clivage — ouvert et abordable contre endiguement de la Chine — décidera des coûts de conformité, des contrôles à l'exportation et de l'accès au marché ; positionnez-vous pour un régime favorisant les modèles ouverts occidentaux et restreignant les chinois."
2026-07-28,"Tuesday, 28 July 2026",17,MACRO,The IMF warns AI could make the next crisis faster and more correlated as trading models rebalance in sync,IMF,imf.org,https://www.imf.org/en/blogs/articles/2026/07/23/how-central-banks-can-contain-financial-stability-risks-as-ai-accelerates-change,"The Fund's finding — AI funds rebalance far faster than traditional strategies and may synchronize on the same signals — reframes systemic risk from human panic to machine correlation. The next flash crash may come from many models reacting in parallel, so the practical takeaway is that liquidity can vanish faster than crisis playbooks assume; stress-test for speed, not just depth.",MACRO,"Le FMI prévient que l'IA pourrait rendre la prochaine crise plus rapide et plus corrélée, les modèles de négociation se rééquilibrant de concert","Le constat du Fonds — les fonds pilotés par l'IA se rééquilibrent bien plus vite que les stratégies traditionnelles et peuvent se synchroniser sur les mêmes signaux — déplace le risque systémique de la panique humaine vers la corrélation machine. Le prochain krach éclair pourrait naître de nombreux modèles réagissant en parallèle : la liquidité peut donc s'évaporer plus vite que ne le supposent les plans de crise ; testez la résistance à la vitesse, non seulement à la profondeur."
2026-07-28,"Tuesday, 28 July 2026",18,INTL LAW,"UN rights chief warns Israeli strikes on Lebanon 'could amount to international crimes,' raising the legal stakes of the wider conflict",UN News,news.un.org,https://news.un.org/feed/view/en/story/2026/07/1168034,"A senior UN legal warning does not by itself change facts on the ground, but it seeds accountability processes, sanctions arguments and reputational exposure that outlast any ceasefire. For governments and firms operating near the conflict, the compliance and legal-risk perimeter is widening; track how allies respond, because that shapes what becomes actionable.",DROIT INTL,"Le chef des droits de l'ONU avertit que les frappes israéliennes au Liban « pourraient constituer des crimes internationaux », relevant l'enjeu juridique du conflit élargi","Un avertissement juridique de haut niveau de l'ONU ne change pas à lui seul la réalité du terrain, mais il amorce des processus de reddition de comptes, des arguments de sanctions et une exposition réputationnelle qui survivent à tout cessez-le-feu. Pour les gouvernements et entreprises actifs près du conflit, le périmètre de risque juridique s'élargit ; observez la réaction des alliés, car elle déterminera ce qui deviendra exploitable."
2026-07-28,"Tuesday, 28 July 2026",19,INTL LAW,Guterres calls the fast-tracking of West Bank outposts a 'flagrant violation' of international law,UN News,news.un.org,https://news.un.org/feed/view/en/story/2026/07/1168035,"The Secretary-General's language hardens the diplomatic backdrop even as attention fixes on Iran, keeping the Palestinian file live in the institutions that shape sanctions and recognition. The signal to watch is whether European capitals convert rhetoric into measures; that, not the statement itself, is what would move exposure for firms and investors tied to the region.",DROIT INTL,Guterres qualifie l'accélération des avant-postes en Cisjordanie de « violation flagrante » du droit international,"Le langage du secrétaire général durcit le décor diplomatique alors même que l'attention se fixe sur l'Iran, maintenant le dossier palestinien vivant dans les institutions qui façonnent sanctions et reconnaissance. Le signal à guetter : les capitales européennes traduiront-elles la rhétorique en mesures ? C'est cela, et non la déclaration elle-même, qui déplacerait l'exposition des entreprises et investisseurs liés à la région."
2026-07-28,"Tuesday, 28 July 2026",20,DIPLOMACY,"The US walks out of a UN Security Council meeting during France's remarks, a public rupture among Western allies",BBC,bbc.co.uk,https://www.bbc.co.uk/news/articles/c87nj3w9gxjo,"An American delegation leaving the chamber mid-session is a rare, deliberate signal that the transatlantic consensus is fraying in the open. For anyone reading great-power alignment, the takeaway is that Washington will spend allied goodwill to make a point — raising the cost and uncertainty of coordinated action on Iran, Ukraine and trade alike.",DIPLOMATIE,"Les États-Unis quittent une réunion du Conseil de sécurité pendant l'intervention de la France, rupture publique entre alliés occidentaux","Une délégation américaine quittant la salle en pleine séance est un signal rare et délibéré que le consensus transatlantique s'effrite au grand jour. Pour qui lit l'alignement des grandes puissances, la leçon est que Washington dépensera le capital de bonne volonté allié pour marquer un point — augmentant le coût et l'incertitude de toute action coordonnée sur l'Iran, l'Ukraine et le commerce."
2026-07-28,"Tuesday, 28 July 2026",21,GEOPOLITICS,"The UN counts nearly 500 Afghan civilians killed in Pakistan-Afghanistan fighting since October, a widening war on Asia's flank",The Hindu,thehindu.com,https://www.thehindu.com/news/international/un-says-nearly-500-afghan-civilians-have-been-killed-in-pakistan-afghanistan-fighting-since-october/article71276017.ece,"A months-long, high-casualty border conflict between two nuclear-adjacent states is a slow-burn destabilizer of South and Central Asian trade, migration and militancy. It rarely leads a Western news cycle, but for supply chains and security planners it is a compounding risk on corridors linking the Gulf, Pakistan and Central Asia — worth pricing before it forces attention.",GÉOPOLITIQUE,"L'ONU dénombre près de 500 civils afghans tués dans les combats pakistano-afghans depuis octobre, une guerre qui s'élargit sur le flanc asiatique","Un conflit frontalier meurtrier de plusieurs mois entre deux États du voisinage nucléaire déstabilise lentement le commerce, les migrations et le militantisme en Asie du Sud et centrale. Il ouvre rarement les journaux occidentaux, mais pour les chaînes d'approvisionnement et les planificateurs de sécurité, c'est un risque cumulatif sur les corridors reliant le Golfe, le Pakistan et l'Asie centrale — à intégrer avant qu'il ne s'impose."
2026-07-28,"Tuesday, 28 July 2026",22,ENERGY,"India explores buying LNG from Russia's Arctic, deepening the Moscow-Delhi energy axis around Western sanctions",TASS,tass.com,https://tass.com/economy/2166287,"Delhi weighing Arctic Russian gas shows how the biggest swing consumer keeps monetizing discounted, sanctioned supply while the West tightens. The consequence is a durable redirection of energy trade toward Asia that blunts sanctions leverage and locks in Russia-India alignment; watch pricing and payment mechanics for how far around the Western system this actually routes.",ÉNERGIE,"L'Inde étudie l'achat de GNL de l'Arctique russe, approfondissant l'axe énergétique Moscou-Delhi en contournant les sanctions occidentales",Delhi pesant le gaz arctique russe montre comment le plus grand consommateur pivot continue de monétiser une offre décotée et sanctionnée pendant que l'Occident se resserre. La conséquence est une réorientation durable du commerce énergétique vers l'Asie qui émousse le levier des sanctions et verrouille l'alignement Russie-Inde ; surveillez les prix et les mécanismes de paiement pour mesurer l'ampleur du contournement.
2026-07-28,"Tuesday, 28 July 2026",23,ENERGY,"Japan backs overseas oil pipelines to cut its dependence on the Strait of Hormuz, hard-wiring the war's lesson into infrastructure",OilPrice,oilprice.com,https://oilprice.com/Latest-Energy-News/World-News/Japan-Backs-Overseas-Oil-Pipelines-to-Reduce-Hormuz-Dependence.html,"Tokyo funding pipelines that bypass the strait is the clearest sign that Hormuz-dependent economies are treating this crisis as structural, not passing. Bypass infrastructure is a multi-year capex theme with winners in pipeline builders and alternative routing; it also gradually erodes the choke-point leverage that has priced oil risk for decades.",ÉNERGIE,"Le Japon soutient des oléoducs à l'étranger pour réduire sa dépendance au détroit d'Ormuz, gravant la leçon de la guerre dans l'infrastructure","Tokyo finançant des oléoducs qui contournent le détroit est le signe le plus net que les économies dépendantes d'Ormuz traitent cette crise comme structurelle, non passagère. L'infrastructure de contournement est un thème d'investissement pluriannuel, avec des gagnants parmi les constructeurs d'oléoducs et les routes alternatives ; elle érode aussi peu à peu le levier du point d'étranglement qui tarife le risque pétrolier depuis des décennies."
2026-07-28,"Tuesday, 28 July 2026",24,DIPLOMACY,"Brazil recalls its ambassador after Argentina's president attacks Lula, a fresh rupture in South America's largest bilateral tie",CGTN,news.cgtn.com,https://news.cgtn.com/news/2026-07-27/news-1P6THcrM8WA/p.html,"A diplomatic recall between Brazil and Argentina strains Mercosur and the region's biggest trade relationship at a time global blocs are hardening. For anyone with Latin American exposure, the ideological split between Brasilia and Buenos Aires raises the friction cost of regional integration; watch for spillover into tariffs, energy deals and the bloc's posture toward the US and China.",DIPLOMATIE,"Le Brésil rappelle son ambassadeur après les attaques du président argentin contre Lula, nouvelle rupture dans la principale relation bilatérale d'Amérique du Sud","Un rappel diplomatique entre le Brésil et l'Argentine fragilise le Mercosur et la plus grande relation commerciale de la région au moment où les blocs mondiaux se durcissent. Pour toute exposition latino-américaine, la fracture idéologique entre Brasilia et Buenos Aires renchérit l'intégration régionale ; guettez les répercussions sur les tarifs, les accords énergétiques et la posture du bloc envers les États-Unis et la Chine."
2026-07-28,"Tuesday, 28 July 2026",25,SHIPPING,"Saudi Arabia weighs higher crude prices for Asia as Red Sea shipping costs climb, passing conflict risk straight to buyers",OilPrice,oilprice.com,https://oilprice.com/Latest-Energy-News/World-News/Saudi-Arabia-Weighs-Higher-Asia-Crude-Prices-as-Red-Sea-Shipping-Costs-Rise.html,"Riyadh raising official selling prices to Asia shows the war premium migrating from the oil price into freight and formula pricing, where it is stickier and less visible. Even with Brent falling on the Iran pause, delivered costs for Asian refiners can rise — the reminder that the real energy squeeze often shows up in logistics, not the headline barrel.",MARITIME,"L'Arabie saoudite envisage des prix plus élevés pour l'Asie, la hausse des coûts maritimes en mer Rouge répercutant le risque de conflit sur les acheteurs","Riyad relevant ses prix de vente officiels vers l'Asie montre la prime de guerre migrant du prix du pétrole vers le fret et les formules tarifaires, où elle est plus persistante et moins visible. Même avec un Brent en baisse sur la trêve iranienne, les coûts rendus pour les raffineurs asiatiques peuvent monter — rappel que le vrai resserrement énergétique surgit souvent dans la logistique, non dans le baril affiché."
2026-07-28,"Tuesday, 28 July 2026",26,GEOPOLITICS,How the Caspian Sea could fuse the Ukraine and Iran wars into a single theatre linking Russian and Iranian supply lines,Livemint,livemint.com,https://www.livemint.com/news/world/explained-how-the-caspian-sea-could-bring-the-ukraine-and-iran-wars-together-11785227362582.html,"The analysis traces how the Russia-Iran logistics corridor turns two conflicts into one connected system of drones, sanctions evasion and energy routing. For strategists, the takeaway is to stop modelling Ukraine and Iran as separate risks: a shock in one now propagates through shared supply chains and partners into the other, compressing the time to react.",GÉOPOLITIQUE,Comment la mer Caspienne pourrait fondre les guerres d'Ukraine et d'Iran en un seul théâtre reliant les lignes d'approvisionnement russes et iraniennes,"L'analyse retrace comment le corridor logistique Russie-Iran transforme deux conflits en un système connecté de drones, de contournement des sanctions et de routage énergétique. Pour les stratèges, la leçon est de cesser de modéliser l'Ukraine et l'Iran comme des risques distincts : un choc dans l'un se propage désormais, via chaînes et partenaires communs, jusque dans l'autre, réduisant le temps de réaction."
2026-07-29,"Wednesday, 29 July 2026",1,MACRO,"The Fed decides today and is widely expected to hold at 3.50-3.75% for a fifth straight meeting — with the statement's language, not the level, the market's real signal",CNBC,cnbc.com,https://www.cnbc.com/2026/07/27/fed-interest-rates-july.html,"A hold at 3.50-3.75% would be the fifth consecutive meeting without a move since December 2025's last cut, so the decision-grade information is entirely in the wording and any dissent, not the headline rate. This lands at 2 PM Eastern in the busiest earnings week of the year; the practical read is to position for two-way volatility, because a hawkish tilt or a hint on September would hit the same afternoon Big Tech reports.",MACRO,"La Fed tranche aujourd'hui et devrait, selon un large consensus, maintenir à 3,50-3,75 % pour une cinquième réunion d'affilée — le libellé du communiqué, non le niveau, étant le vrai signal pour le marché","Un maintien à 3,50-3,75 % marquerait la cinquième réunion consécutive sans mouvement depuis la dernière baisse de décembre 2025 ; l'information décisive réside donc entièrement dans le libellé et toute dissidence, non dans le taux affiché. La décision tombe à 14 h heure de l'Est, au cœur de la semaine de résultats la plus chargée de l'année ; en pratique, positionnez-vous pour une volatilité bidirectionnelle, car un ton restrictif ou une allusion à septembre frapperait l'après-midi même où les géants technologiques publient."
2026-07-29,"Wednesday, 29 July 2026",2,MARKETS,"Microsoft and Meta report after today's close, with Apple and Amazon to follow Thursday — and AI capital-spending guidance, not revenue, is the number that moves them",TipRanks,tipranks.com,https://www.tipranks.com/news/big-tech-earnings-showdown-meta-and-microsoft-in-focus-ahead-of-july-29-earnings-report,"Analysts model Microsoft near $87.6B in revenue and $4.24 EPS with Azure growth watched in the high-30% range, and Meta around $60.2B in revenue, up 27%, at $7.18 EPS. But after the market punished Alphabet's capex, the swing variable is what each guides on AI spending: beat the top line and over-guide capital expenditure, and the stock can still fall — so read the capex slide before the revenue print.",MARCHÉS,"Microsoft et Meta publient après la clôture d'aujourd'hui, Apple et Amazon suivant jeudi — et ce sont les prévisions de dépenses d'investissement en IA, non les revenus, qui les feront bouger","Les analystes situent Microsoft autour de 87,6 G$ de revenus et 4,24 $ de BPA, la croissance d'Azure étant scrutée dans le haut de la fourchette des 30 %, et Meta près de 60,2 G$ de revenus, en hausse de 27 %, à 7,18 $ de BPA. Mais après que le marché a sanctionné les investissements d'Alphabet, la variable pivot est ce que chacun annonce en dépenses d'IA : dépasser le chiffre d'affaires tout en surévaluant les investissements peut quand même faire chuter le titre — lisez donc la diapositive des dépenses avant celle des revenus."
2026-07-29,"Wednesday, 29 July 2026",3,DIPLOMACY,"Trump and Netanyahu hold their first White House talks since the Iran war began, calling them 'positive and productive' — but the pause is still a pause, not a signed peace",Malay Mail,malaymail.com,https://www.malaymail.com/news/world/2026/07/29/trump-netanyahu-hold-first-white-house-talks-since-iran-war-began/229343,"In a roughly 90-minute meeting — their eighth since Trump returned to office — the two covered stopping Iran's nuclear program, a US-backed Lebanon framework and Gaza; Netanyahu called it one of his best-ever conversations with a US president. Yet the fighting only paused over the weekend after nearly two weeks of nightly strikes, and CENTCOM says it intercepted fresh IRGC missiles — so treat the calm as a coordinated interval, not a settlement, and keep hedges on.",DIPLOMATIE,"Trump et Netanyahou tiennent leurs premiers entretiens à la Maison-Blanche depuis le début de la guerre d'Iran, les qualifiant de « positifs et productifs » — mais la trêve reste une trêve, non une paix signée","Lors d'une rencontre d'environ 90 minutes — leur huitième depuis le retour de Trump au pouvoir — les deux hommes ont abordé l'arrêt du programme nucléaire iranien, un cadre soutenu par les États-Unis pour le Liban et Gaza ; Netanyahou l'a qualifiée de l'une de ses meilleures conversations avec un président américain. Pourtant, les combats n'ont fait que s'interrompre le week-end après près de deux semaines de frappes nocturnes, et le CENTCOM affirme avoir intercepté de nouveaux missiles du CGRI — considérez donc le calme comme un intervalle coordonné, non un règlement, et gardez vos couvertures."
2026-07-29,"Wednesday, 29 July 2026",4,TECHNOLOGY,Nvidia's reported ~$250B guarantee for OpenAI's data-center buildout triggers a chip rout — the stock shed roughly $250B in value in a day as investors ask who is really financing the AI boom,Yahoo Finance,finance.yahoo.com,https://finance.yahoo.com/markets/stocks/articles/nvda-chip-stocks-extend-rout-094902224.html,"Reports that Nvidia would backstop roughly $250B of OpenAI's data-center spending wiped about $250B off its own market value in a session and dragged Intel and AMD down more than 3% and the semiconductor ETF 2.4%. Morningstar calls the reaction overblown — Nvidia is 'seeding the AI ecosystem' while hosts stay compute-constrained — but the decision-grade worry is circularity: when the chipmaker underwrites its biggest customer, demand and financing stop being independent, and that concentration is the risk to price.",TECHNOLOGIE,"Le soutien financier d'environ 250 G$ que Nvidia offrirait à la construction de centres de données d'OpenAI déclenche une déroute des puces — le titre a perdu près de 250 G$ de valeur en une journée, les investisseurs se demandant qui finance vraiment l'essor de l'IA","Les informations selon lesquelles Nvidia garantirait environ 250 G$ des dépenses de centres de données d'OpenAI ont effacé quelque 250 G$ de sa propre valeur boursière en une séance et fait chuter Intel et AMD de plus de 3 % et l'ETF des semi-conducteurs de 2,4 %. Morningstar juge la réaction excessive — Nvidia « ensemence l'écosystème de l'IA » tandis que les hébergeurs restent limités en calcul — mais l'inquiétude décisive est la circularité : quand le fabricant de puces garantit son plus gros client, demande et financement cessent d'être indépendants, et c'est cette concentration qu'il faut tarifer."
2026-07-29,"Wednesday, 29 July 2026",5,MARKETS,"Apple hits a $5 trillion market cap as the Dow jumps ~550 points on strong earnings — but chip stocks drag the Nasdaq lower, splitting the market by AI exposure",Investopedia,finance.yahoo.com,https://finance.yahoo.com/markets/stocks/articles/markets-news-july-28-2026-104409667.html,"The Dow rose about 1% and Apple crossed $5 trillion — rewarded for renting AI capacity rather than building it — even as the semiconductor ETF fell ~5% and memory names sank as much as 14%, holding the Nasdaq down. The split tape is the whole thesis in one session: capital is rotating from the AI arms-makers to the cash-generative platforms, and that rotation, not the index level, is what a portfolio should be positioned for into earnings.",MARCHÉS,"Apple atteint une capitalisation de 5 billions $ tandis que le Dow bondit d'environ 550 points sur de solides résultats — mais les valeurs des puces tirent le Nasdaq vers le bas, scindant le marché selon l'exposition à l'IA","Le Dow a progressé d'environ 1 % et Apple a franchi 5 billions $ — récompensée pour louer sa capacité d'IA plutôt que la construire — alors même que l'ETF des semi-conducteurs cédait environ 5 % et que les fabricants de mémoire chutaient jusqu'à 14 %, maintenant le Nasdaq en baisse. Ce marché scindé résume toute la thèse en une séance : les capitaux tournent des armuriers de l'IA vers les plateformes génératrices de trésorerie, et c'est cette rotation, non le niveau de l'indice, qu'un portefeuille doit anticiper avant les résultats."
2026-07-29,"Wednesday, 29 July 2026",6,ENERGY,Oil sinks hard as the Iran pause holds — Brent drops 5.1% to $83.80 and WTI 4.3% to $79 — draining the war premium out of crude,Investopedia,finance.yahoo.com,https://finance.yahoo.com/markets/stocks/articles/markets-news-july-28-2026-104409667.html,"Crude's slide to $83.80 Brent and $79 WTI is the market pricing the probability that the truce holds, not any change in physical supply through Hormuz, where nothing has reopened. This is the window to reset energy hedges taken near $100: downside is capped by a war that can reignite overnight, so oil buyers should lock forward cover while it is cheap and treat any Netanyahu-Trump readout on resuming strikes as the reversal trigger.",ÉNERGIE,"Le pétrole plonge alors que la trêve iranienne tient — le Brent chute de 5,1 % à 83,80 $ et le WTI de 4,3 % à 79 $ — évacuant la prime de guerre du brut","La glissade du brut à 83,80 $ le Brent et 79 $ le WTI traduit un pari du marché sur la tenue de la trêve, non un changement d'offre physique par Ormuz, où rien n'a rouvert. Voici la fenêtre pour réajuster les couvertures énergétiques prises près de 100 $ : la baisse est plafonnée par une guerre qui peut se rallumer du jour au lendemain, alors les acheteurs de pétrole devraient verrouiller une couverture à terme tant qu'elle est bon marché et considérer tout compte rendu Netanyahou-Trump sur une reprise des frappes comme le déclencheur du renversement."
2026-07-29,"Wednesday, 29 July 2026",7,CANADA,Trump hits Canada with a new 10% tariff effective August 19 as Carney says 'everything is on the table' and keeps retaliation in reserve,BNN Bloomberg,bnnbloomberg.ca,https://www.bnnbloomberg.ca/tariffs/2026/07/24/everything-is-on-the-table-in-us-trade-talks-pm-carney-trump-hits-canada-with-10-tariffs/,"The 10% tariff, justified on forced-labour enforcement grounds and layered atop an earlier 50% duty on wine, hockey sticks and cement, gives Ottawa a 30-day window to close a deal before August 19, with CUSMA-compliant exemptions still undefined. Carney vows 'whatever it takes' but declines to retaliate in advance — the decision-grade point is that the deadline, not the rhetoric, sets the risk clock for the loonie, cross-border sectors and any firm with US-Canada supply exposure.",CANADA,Trump frappe le Canada d'un nouveau tarif de 10 % en vigueur le 19 août tandis que Carney affirme que « tout est sur la table » et garde la riposte en réserve,"Le tarif de 10 %, justifié par l'application des règles sur le travail forcé et superposé à un droit antérieur de 50 % sur le vin, les bâtons de hockey et le ciment, laisse à Ottawa une fenêtre de 30 jours pour conclure un accord avant le 19 août, les exemptions conformes à l'ACEUM restant indéfinies. Carney promet « tout ce qu'il faudra » mais refuse de riposter à l'avance — l'essentiel, c'est que l'échéance, non la rhétorique, règle l'horloge du risque pour le dollar canadien, les secteurs transfrontaliers et toute entreprise exposée à la chaîne d'approvisionnement Canada-États-Unis."
2026-07-29,"Wednesday, 29 July 2026",8,SHIPPING,"Shipping-insurance rates keep climbing through the Strait of Hormuz and Bab al-Mandeb — the war premium oil dropped has migrated into freight, where it is stickier",Al Jazeera,aljazeera.com,https://www.aljazeera.com/economy/2026/7/23/how-shipping-insurance-rates-are-rising-as-hormuz-bab-al-mandeb-shut-down,"With war-risk cover soaring and some insurers pulling protection from the two chokepoints, the cost of the conflict is showing up in freight and premiums even as Brent falls. The read-through is that a declining oil price can understate the real energy squeeze: delivered costs for refiners and shippers can rise on insurance and rerouting alone, so track Hormuz traffic and war-risk quotes, not just the headline barrel, as the true gauge of whether the pause is holding.",MARITIME,"Les taux d'assurance maritime continuent de grimper dans le détroit d'Ormuz et à Bab al-Mandeb — la prime de guerre qu'a perdue le pétrole a migré vers le fret, où elle est plus persistante","Avec des couvertures de risque de guerre qui s'envolent et certains assureurs retirant leur protection sur les deux points d'étranglement, le coût du conflit apparaît dans le fret et les primes alors même que le Brent recule. À retenir : un prix du pétrole en baisse peut sous-estimer le vrai resserrement énergétique — les coûts rendus pour raffineurs et armateurs peuvent monter sous le seul effet de l'assurance et du déroutage ; suivez donc le trafic d'Ormuz et les cotations de risque de guerre, non le seul baril affiché, comme véritable jauge de la tenue de la trêve."
2026-07-29,"Wednesday, 29 July 2026",9,GOVERNANCE,Fed Chair Warsh says he meets 'often' with the Trump administration but insists the central bank's independence is intact — a claim today's decision will test,CNBC,cnbc.com,https://www.cnbc.com/2026/07/15/feds-warsh-says-he-meets-often-with-trump-administration.html,"Warsh, installed as chair this summer, has repeatedly stressed political independence and a focus on inflation even as Trump publicly presses for cuts. Today's hold, if it comes, is the first hard evidence of whether that independence survives contact with the pressure — and the answer is priced into the long end of the curve, the dollar and every asset that depends on the Fed reacting to data rather than to politics.",GOUVERNANCE,"Le président de la Fed, Warsh, dit rencontrer « souvent » l'administration Trump mais soutient que l'indépendance de la banque centrale est intacte — une affirmation que la décision d'aujourd'hui mettra à l'épreuve","Warsh, nommé président cet été, a martelé son indépendance politique et sa concentration sur l'inflation, alors même que Trump réclame publiquement des baisses. Le maintien d'aujourd'hui, s'il se confirme, sera la première preuve tangible que cette indépendance survit au contact de la pression — et la réponse est intégrée au long de la courbe, au dollar et à tout actif qui dépend d'une Fed réagissant aux données plutôt qu'à la politique."
2026-07-29,"Wednesday, 29 July 2026",10,CHINA,"China posts its slowest quarterly growth since 2022 as investment slumps, fanning calls for fresh stimulus ahead of the Politburo",CNBC,cnbc.com,https://www.cnbc.com/2026/07/15/china-gdp-retail-sales-investment-june-.html,"Weakening growth and a slump in investment put the burden on Beijing's July Politburo meeting to signal more support, with markets already leaning toward additional stimulus. For allocators the signal cuts two ways: soft Chinese demand is disinflationary for the world and bearish for commodities and exporters, while any large stimulus package would reprice metals, miners and China-exposed multinationals — so the Politburo readout is the near-term catalyst to watch.",CHINE,"La Chine affiche sa croissance trimestrielle la plus faible depuis 2022, l'investissement s'effondrant, ce qui attise les appels à de nouvelles mesures de relance avant le Politburo","L'affaiblissement de la croissance et l'effondrement de l'investissement font peser sur la réunion du Politburo de juillet la charge de signaler un soutien accru, les marchés penchant déjà pour une relance supplémentaire. Pour les allocataires, le signal joue dans les deux sens : une demande chinoise molle est désinflationniste pour le monde et baissière pour les matières premières et les exportateurs, tandis qu'un vaste plan de relance revaloriserait métaux, mines et multinationales exposées à la Chine — le compte rendu du Politburo est donc le catalyseur à court terme à surveiller."
2026-07-29,"Wednesday, 29 July 2026",11,DEFENCE,"Russian attacks kill 9 and injure nearly 70 across Ukraine in a 131-drone overnight barrage, with a systematic campaign now targeting fuel stations",The Kyiv Independent,kyivindependent.com,https://kyivindependent.com/russian-attacks-kill-9-injure-almost-70-across-ukraine-as-strikes-on-gas-stations-continue/,"Russia launched 131 drones overnight — 107 downed — killing nine and wounding close to 70 across Donetsk, Kherson, Kharkiv and beyond, with fuel stations deliberately hit. As global attention fixes on Iran, the Ukraine war grinds on with undiminished tempo and a new focus on civilian energy retail; for anyone modelling escalation, the two theatres now share drones, tactics and pressure on the same Western air-defence and insurance capacity.",DÉFENSE,"Des attaques russes tuent 9 personnes et en blessent près de 70 à travers l'Ukraine dans un barrage nocturne de 131 drones, une campagne systématique visant désormais les stations-service","La Russie a lancé 131 drones durant la nuit — 107 abattus — tuant neuf personnes et en blessant près de 70 dans les régions de Donetsk, Kherson, Kharkiv et au-delà, des stations-service étant délibérément frappées. Alors que l'attention mondiale se fixe sur l'Iran, la guerre d'Ukraine se poursuit à un rythme intact avec une nouvelle cible : la distribution d'énergie civile ; pour qui modélise l'escalade, les deux théâtres partagent désormais drones, tactiques et pression sur les mêmes capacités occidentales de défense aérienne et d'assurance."
2026-07-29,"Wednesday, 29 July 2026",12,JAPAN,"Japan's bond-market rout overshadows PM Takaichi's debut economic blueprint, pushing long-term yields to levels not seen since the 1990s",The Jakarta Post,thejakartapost.com,https://www.thejakartapost.com/business/2026/07/21/japan-bond-jitters-overshadow-takaichis-first-economic-policy-roadmap,"Rising Japanese government-bond yields, driven by fiscal-expansion fears under a new prime minister, are the quiet macro risk with the widest reach: Japan is the world's largest creditor, and higher domestic yields pull Japanese capital home. That unwinds the yen carry trade that funds positions worldwide, so a disorderly move in JGBs is a global-liquidity event — watch the long end and the yen as the transmission channel into everything else.",JAPON,"La déroute du marché obligataire japonais éclipse le premier plan économique de la PM Takaichi, poussant les rendements à long terme à des niveaux inédits depuis les années 1990","La hausse des rendements des obligations d'État japonaises, alimentée par les craintes d'expansion budgétaire sous une nouvelle première ministre, est le risque macro discret à la portée la plus large : le Japon est le premier créancier mondial, et des rendements intérieurs plus élevés rapatrient les capitaux japonais. Cela dénoue le portage sur le yen qui finance des positions partout dans le monde ; un mouvement désordonné des JGB est donc un événement de liquidité mondiale — surveillez le long de la courbe et le yen comme canal de transmission vers tout le reste."
2026-07-29,"Wednesday, 29 July 2026",13,MIDDLE EAST,"The US-brokered Israel-Lebanon framework faces its first test as Hezbollah rejects disarmament, putting the whole ceasefire architecture in question",The Jerusalem Post,jpost.com,https://www.jpost.com/middle-east/article-900787,"Hezbollah's refusal to disarm strikes at the core condition of the framework Washington announced and that Trump and Netanyahu just discussed, exposing how much of the region's fragile calm depends on US enforcement. For risk models, the Lebanon track is the second front to the Iran pause: if the framework collapses, it reopens an Israel-Hezbollah escalation channel that would pull the wider truce and the oil trade down with it.",MOYEN-ORIENT,"Le cadre israélo-libanais négocié par les États-Unis subit son premier test alors que le Hezbollah rejette le désarmement, remettant en cause toute l'architecture du cessez-le-feu","Le refus du Hezbollah de désarmer frappe la condition centrale du cadre annoncé par Washington et que Trump et Netanyahou viennent d'évoquer, révélant à quel point le calme fragile de la région dépend de l'application américaine. Pour les modèles de risque, la voie libanaise est le second front de la trêve iranienne : un effondrement du cadre rouvrirait un canal d'escalade Israël-Hezbollah qui entraînerait avec lui la trêve élargie et le pari sur le pétrole."
2026-07-29,"Wednesday, 29 July 2026",14,TECHNOLOGY,"China's Moonshot unveils Kimi K3, a 2.8-trillion-parameter model it claims rivals OpenAI and Anthropic at lower cost — pressure on the US AI premium",CNBC,cnbc.com,https://www.cnbc.com/2026/07/17/moonshot-ai-kimi-k3-model-openai-anthropic-china.html,"A Chinese lab shipping a frontier-scale model that claims parity with US leaders while undercutting them on price is the competitive counterweight to Nvidia's $250B OpenAI bet: it argues the moat is thinner and cheaper than the capex boom assumes. If buyers can get comparable capability from a lower-cost Chinese model, the return on Western AI spending compresses — which is precisely the doubt now driving the chip selloff and the rotation into cash-generative names.",TECHNOLOGIE,"Le chinois Moonshot dévoile Kimi K3, un modèle de 2 800 milliards de paramètres qu'il dit rivaliser avec OpenAI et Anthropic à moindre coût — une pression sur la prime de l'IA américaine","Un laboratoire chinois livrant un modèle à l'échelle frontière qui revendique la parité avec les leaders américains tout en cassant les prix est le contrepoids concurrentiel au pari de 250 G$ de Nvidia sur OpenAI : il suggère que la douve est plus mince et moins chère que ne le suppose l'essor des investissements. Si les acheteurs obtiennent une capacité comparable d'un modèle chinois moins coûteux, le rendement des dépenses occidentales en IA se comprime — c'est précisément le doute qui alimente aujourd'hui la vente des puces et la rotation vers les titres générateurs de trésorerie."
2026-07-29,"Wednesday, 29 July 2026",15,MACRO,"Eurozone inflation is confirmed at 2.8%, keeping it above target and stiffening the case for the ECB to pause rather than cut",Euronews,euronews.com,https://www.euronews.com/business/2026/07/20/eurozone-inflation-confirmed-at-28-will-it-be-enough-for-the-ecb-to-pause,"Inflation holding at 2.8% — above the ECB's 2% target — narrows the room for further cuts and points to a hold-and-wait stance in Frankfurt. With the Fed also expected to stand pat today, the two largest central banks are converging on patience, which supports the dollar and euro against easier-policy currencies and tells rate-sensitive borrowers the cheap-money window is not reopening on schedule — plan financing on rates staying higher for longer.",MACRO,"L'inflation de la zone euro est confirmée à 2,8 %, la maintenant au-dessus de la cible et renforçant les arguments pour une pause de la BCE plutôt qu'une baisse","Une inflation qui se maintient à 2,8 % — au-dessus de la cible de 2 % de la BCE — réduit la marge pour de nouvelles baisses et pointe vers une posture attentiste à Francfort. La Fed devant elle aussi rester immobile aujourd'hui, les deux plus grandes banques centrales convergent vers la patience, ce qui soutient le dollar et l'euro face aux devises à politique plus accommodante et indique aux emprunteurs sensibles aux taux que la fenêtre de l'argent bon marché ne rouvrira pas comme prévu — planifiez vos financements sur des taux durablement plus élevés."
2026-07-29,"Wednesday, 29 July 2026",16,CANADA,"The Bank of Canada holds its key rate at 2.25% and predicts an economic rebound, even as US tariffs threaten to undercut the forecast",CBC,cbc.ca,https://www.cbc.ca/news/business/bank-of-canada-interest-july-2026-9.7270689,"Holding at 2.25% and forecasting a rebound, the Bank is signalling that it sees the worst of the slowdown behind it — a bet made just as Washington readies a fresh 10% tariff for August 19. The tension is the story: monetary policy is leaning optimistic while trade policy is turning adverse, so the loonie and rate expectations are hostage to whether Ottawa closes a deal before the tariff bites and forces the Bank to reconsider.",CANADA,"La Banque du Canada maintient son taux directeur à 2,25 % et prévoit un rebond économique, alors même que les tarifs américains menacent de saper la prévision","En maintenant à 2,25 % et en prévoyant un rebond, la Banque signale qu'elle estime le pire du ralentissement passé — un pari fait au moment même où Washington prépare un nouveau tarif de 10 % pour le 19 août. La tension est le vrai sujet : la politique monétaire penche vers l'optimisme tandis que la politique commerciale devient défavorable ; le dollar canadien et les anticipations de taux sont donc suspendus à la capacité d'Ottawa de conclure un accord avant que le tarif ne morde et ne force la Banque à se raviser."
2026-07-29,"Wednesday, 29 July 2026",17,HUMANITARIAN,"A global food monitor warns two-thirds of Gaza may face acute hunger by year-end despite recent improvements, keeping the humanitarian file politically live",The Detroit News,detroitnews.com,https://www.detroitnews.com/story/news/world/2026/07/24/two-thirds-gaza-may-face-acute-hunger-by-year-end-despite-improvements-global-food-monitor-says/91034046007/,"The projection that most of Gaza could slide into acute hunger by December — even after some aid gains — keeps the crisis at the centre of the diplomacy Trump and Netanyahu just discussed. Beyond the human toll, the decision-grade angle is political: sustained famine risk hardens European and multilateral pressure on Israel, shaping sanctions debates, recognition moves and the reputational calculus for any firm or government operating in or near the conflict.",HUMANITAIRE,"Un observatoire mondial de la faim prévient que les deux tiers de Gaza pourraient connaître une faim aiguë d'ici la fin de l'année malgré des améliorations récentes, maintenant le dossier humanitaire politiquement vif","La projection selon laquelle la majeure partie de Gaza pourrait basculer dans une faim aiguë d'ici décembre — même après certains gains d'aide — maintient la crise au cœur de la diplomatie que Trump et Netanyahou viennent d'évoquer. Au-delà du bilan humain, l'angle décisif est politique : un risque de famine persistant durcit la pression européenne et multilatérale sur Israël, façonnant les débats sur les sanctions, les gestes de reconnaissance et le calcul réputationnel de toute entreprise ou gouvernement opérant dans ou près du conflit."
2026-07-29,"Wednesday, 29 July 2026",18,BUSINESS,"Earnings scatter the tape: Boeing climbs ~4.5% and Coca-Cola ~5% on a World Cup marketing lift, while UPS drops 6.5% and Corning sinks 12%",Investopedia,finance.yahoo.com,https://finance.yahoo.com/markets/stocks/articles/markets-news-july-28-2026-104409667.html,"The single-stock moves read like a demand map: Boeing and Coca-Cola gains point to resilient industrial orders and consumer brand strength, while UPS's 6.5% drop flags softening shipping volumes — a classic real-economy tell. Corning's 12% slide sits inside the broader chip-and-materials selloff, underscoring that this earnings season is separating cash-generative operators from AI-supply-chain names now being repriced for spending risk.",ENTREPRISES,"Les résultats dispersent la cote : Boeing grimpe d'environ 4,5 % et Coca-Cola d'environ 5 % sur un coup de pouce marketing de la Coupe du monde, tandis qu'UPS chute de 6,5 % et Corning plonge de 12 %","Les mouvements individuels dessinent une carte de la demande : les gains de Boeing et Coca-Cola pointent vers des commandes industrielles résilientes et une force de marque grand public, tandis que la chute de 6,5 % d'UPS signale un ramollissement des volumes d'expédition — un indicateur classique de l'économie réelle. Le recul de 12 % de Corning s'inscrit dans la vente plus large des puces et matériaux, soulignant que cette saison de résultats sépare les opérateurs générateurs de trésorerie des valeurs de la chaîne d'approvisionnement de l'IA, désormais revalorisées pour le risque de dépenses."
2026-07-29,"Wednesday, 29 July 2026",19,MARKETS,"China's ChangXin Memory surges nearly 470% on its Shanghai debut, a signal of how fast Beijing is building a homegrown chip champion",Yahoo Finance,finance.yahoo.com,https://finance.yahoo.com/markets/stocks/articles/nvda-chip-stocks-extend-rout-094902224.html,"A near-470% first-day pop for ChangXin Memory Technologies shows the depth of Chinese investor appetite for domestic semiconductor self-sufficiency, even as US memory names sell off. The contrast is the signal: capital is fleeing Western chip stocks on AI-spending doubts while pouring into China's substitution story — a bifurcation that hardens the two-bloc technology map and raises the long-run competitive threat to incumbents like Micron and SK Hynix.",MARCHÉS,"ChangXin Memory, en Chine, bondit de près de 470 % lors de ses débuts à Shanghai, signe de la vitesse à laquelle Pékin bâtit un champion national des puces","Une flambée de près de 470 % le premier jour pour ChangXin Memory Technologies révèle la profondeur de l'appétit des investisseurs chinois pour l'autosuffisance nationale en semi-conducteurs, alors même que les fabricants de mémoire américains dévissent. Le contraste est le signal : les capitaux fuient les valeurs de puces occidentales sur fond de doutes sur les dépenses d'IA, tout en affluant vers le récit de substitution chinois — une bifurcation qui durcit la carte technologique à deux blocs et accroît la menace concurrentielle de long terme sur des acteurs comme Micron et SK Hynix."
2026-07-29,"Wednesday, 29 July 2026",20,TECHNOLOGY,"Anthropic's Amodei rejects a ban on open AI models but calls for mandatory testing, staking out the middle ground of AI regulation",Bloomberg,bloomberg.com,https://www.bloomberg.com/news/articles/2026-07-28/anthropic-s-amodei-rejects-open-model-ban-but-calls-for-testing,"A leading lab founder arguing to keep open models legal while requiring safety testing frames the emerging rule-set for who can build and ship AI — a stance that lands as China's cheaper open models pressure the market. For firms betting on AI, the regulatory contour matters as much as the technology: a testing-not-banning regime favours transparent Western developers and sets the compliance cost that will separate viable AI businesses from the rest.",TECHNOLOGIE,"Amodei, d'Anthropic, rejette une interdiction des modèles d'IA ouverts mais réclame des tests obligatoires, occupant le terrain médian de la réglementation de l'IA","Le fondateur d'un laboratoire de premier plan plaidant pour garder légaux les modèles ouverts tout en imposant des tests de sécurité dessine le futur cadre réglementaire de l'IA — une position qui tombe au moment où les modèles ouverts chinois, moins chers, pressent le marché. Pour les entreprises qui misent sur l'IA, le contour réglementaire compte autant que la technologie : un régime de tests plutôt que d'interdiction favorise les développeurs occidentaux transparents et fixe le coût de conformité qui séparera les entreprises d'IA viables des autres."
2026-07-29,"Wednesday, 29 July 2026",21,COMMODITIES,"Gold pulls back to about $4,087 and silver falls 2.15% as the Iran pause and a steady-Fed bet drain safe-haven demand",TheStreet,thestreet.com,https://www.thestreet.com/stock-market-today/stock-market-today-dow-jones-sp-500-nasdaq-updates-july-28-2026,"Gold slipping about 1.2% to $4,087 and silver falling 2.15% is the mirror image of the risk-on tape: with the war premium unwinding and the Fed expected to hold, the marginal buyer of insurance is stepping back. The signal for allocators is that the safe-haven bid is conditional, not structural — a hawkish Fed surprise or a broken Iran pause would snap it straight back, so treat this pullback as a repricing of calm, not a change in the long-run case for hard assets.",MATIÈRES PREMIÈRES,"L'or recule à environ 4 087 $ et l'argent chute de 2,15 % alors que la trêve iranienne et un pari sur une Fed immobile épuisent la demande de valeur refuge","Un or qui glisse d'environ 1,2 % à 4 087 $ et un argent en baisse de 2,15 % sont l'image inversée d'un marché en appétit de risque : la prime de guerre se dénouant et la Fed devant rester immobile, l'acheteur marginal d'assurance se retire. Le signal pour les allocataires, c'est que la demande de valeur refuge est conditionnelle, non structurelle — une surprise restrictive de la Fed ou une trêve iranienne rompue la ferait revenir d'un coup ; considérez donc ce repli comme une revalorisation du calme, non un changement dans l'argumentaire de long terme en faveur des actifs tangibles."
